eventtitle;views;place;address;eventday;eventdate;request
LIVE x ICHI ICHI w/Nepumuk;2655; Tanzhaus West/Dora Brilliant;60327 Frankfurt am Main, Gutleutstraße 294;Mittwoch;2021-06-30;2021-06-29T07:59:26.834437Z
Verurteilt! Der Gerichtspodcast - Live;8144; Batschkapp;60388 Frankfurt am Main, Gwinnerstraße 5;Mittwoch;2021-06-30;2021-06-29T07:59:26.834437Z
Der Zauberer von Oz;2253; Jahnturnhalle;64521 Groß-Gerau, Jahnstraße;Mittwoch;2021-06-30;2021-06-29T07:59:26.834437Z
Die Akte Jedermann;1790; Carl-Zuckmayer-Halle;55299 Nackenheim, Lörzweiler Straße 15;Mittwoch;2021-06-30;2021-06-29T07:59:26.834437Z
Hairspray - Das Broadway-Musical;1427; Carl-Zuckmayer-Halle;55299 Nackenheim, Lörzweiler Straße 15;Mittwoch;2021-06-30;2021-06-29T07:59:26.834437Z
Löwen Frankfurt;539; Löwen Frankfurt;60386 Frankfurt am Main, Am Bornheimer Hang 4;Mittwoch;2021-06-30;2021-06-29T07:59:26.834437Z
Martinsvierteler Markt;638; Riegerplatz;64289 Darmstadt;Mittwoch;2021-06-30;2021-06-29T07:59:26.834437Z
"Online Tour ""Bunte Götter""";480; Liebieghaus Skulpturensammlung;60596 Frankfurt am Main, Schaumainkai 71;Mittwoch;2021-06-30;2021-06-29T07:59:26.834437Z
Wochenmarkt Bornheim;458; Wochenmarkt Bornheim;60385 Frankfurt am Main, Berger Straße 194;Mittwoch;2021-06-30;2021-06-29T07:59:26.834437Z
Wochenmarkt Rödelheim;537; Wochenmarkt Rödelheim;60489 Frankfurt am Main, Arthur-Stern-Platz;Mittwoch;2021-06-30;2021-06-29T07:59:26.834437Z
Populismus-Kultur-Kampf;; Goethe Universität;60323 Frankfurt am Main, Grüneburgplatz 1;Donnerstag;2021-07-01;2021-06-29T07:59:27.893168Z
Kafvka;921; Batschkapp;60388 Frankfurt am Main, Gwinnerstraße 5;Donnerstag;2021-07-01;2021-06-29T07:59:27.893168Z
50:50 von und mit Lukas Schmied;1462; Carl-Zuckmayer-Halle;55299 Nackenheim, Lörzweiler Straße 15;Donnerstag;2021-07-01;2021-06-29T07:59:27.893168Z
Alex Kristan - Heimvorteil;2309; Jahnturnhalle;64521 Groß-Gerau, Jahnstraße;Donnerstag;2021-07-01;2021-06-29T07:59:27.893168Z
Arielle, die kleine Meerjungfrau;2218; Jahnturnhalle;64521 Groß-Gerau, Jahnstraße;Donnerstag;2021-07-01;2021-06-29T07:59:27.893168Z
Blockflötenconsort and Friends - Evviva la musica …;19; Kirche am Campus Bockenheim (im Studierendenhaus);60325 Frankfurt am Main, Jügelstr. 1;Donnerstag;2021-07-01;2021-06-29T07:59:27.893168Z
Erzeugermarkt Konstablerwache;452; Erzeugermarkt Konstablerwache;60313 Frankfurt am Main, Konstablerwache;Donnerstag;2021-07-01;2021-06-29T07:59:27.893168Z
Junge Choreografen VII;2242; Jahnturnhalle;64521 Groß-Gerau, Jahnstraße;Donnerstag;2021-07-01;2021-06-29T07:59:27.893168Z
Kaisermarkt;394; Kaisermarkt;60329 Frankfurt am Main, Kaiserstraße 81;Donnerstag;2021-07-01;2021-06-29T07:59:27.893168Z
SINNFLUT - Sommerlesung des sexyunderground;621; Literaturhaus Frankfurt;60311 Frankfurt, Schöne Aussicht 2;Donnerstag;2021-07-01;2021-06-29T07:59:27.893168Z
Summer Vintage Kilo Pop Up Store;95; VinoKilo;60232 Frankfurt am Main;Donnerstag;2021-07-01;2021-06-29T07:59:27.893168Z
LIVE x ICHI ICHI w/Nepumuk;2655;Tanzhaus West/Dora Brilliant;60327 Frankfurt am Main, Gutleutstraße 294;Mittwoch;2021-06-30;2021-06-29T07:59:26.834437Z
Verurteilt! Der Gerichtspodcast - Live;8144;Batschkapp;60388 Frankfurt am Main, Gwinnerstraße 5;Mittwoch;2021-06-30;2021-06-29T07:59:26.834437Z
Der Zauberer von Oz;2253;Jahnturnhalle;64521 Groß-Gerau, Jahnstraße;Mittwoch;2021-06-30;2021-06-29T07:59:26.834437Z
Die Akte Jedermann;1790;Carl-Zuckmayer-Halle;55299 Nackenheim, Lörzweiler Straße 15;Mittwoch;2021-06-30;2021-06-29T07:59:26.834437Z
Hairspray - Das Broadway-Musical;1427;Carl-Zuckmayer-Halle;55299 Nackenheim, Lörzweiler Straße 15;Mittwoch;2021-06-30;2021-06-29T07:59:26.834437Z
Löwen Frankfurt;539;Löwen Frankfurt;60386 Frankfurt am Main, Am Bornheimer Hang 4;Mittwoch;2021-06-30;2021-06-29T07:59:26.834437Z
Martinsvierteler Markt;638;Riegerplatz;64289 Darmstadt;Mittwoch;2021-06-30;2021-06-29T07:59:26.834437Z
"Online Tour """"Bunte Götter""""";480;Liebieghaus Skulpturensammlung;60596 Frankfurt am Main, Schaumainkai 71;Mittwoch;2021-06-30;2021-06-29T07:59:26.834437Z
Wochenmarkt Bornheim;458;Wochenmarkt Bornheim;60385 Frankfurt am Main, Berger Straße 194;Mittwoch;2021-06-30;2021-06-29T07:59:26.834437Z
Wochenmarkt Rödelheim;537;Wochenmarkt Rödelheim;60489 Frankfurt am Main, Arthur-Stern-Platz;Mittwoch;2021-06-30;2021-06-29T07:59:26.834437Z
Populismus-Kultur-Kampf;;Goethe Universität;60323 Frankfurt am Main, Grüneburgplatz 1;Donnerstag;2021-07-01;2021-06-29T07:59:27.893168Z
Kafvka;921;Batschkapp;60388 Frankfurt am Main, Gwinnerstraße 5;Donnerstag;2021-07-01;2021-06-29T07:59:27.893168Z
50:50 von und mit Lukas Schmied;1462;Carl-Zuckmayer-Halle;55299 Nackenheim, Lörzweiler Straße 15;Donnerstag;2021-07-01;2021-06-29T07:59:27.893168Z
Alex Kristan - Heimvorteil;2309;Jahnturnhalle;64521 Groß-Gerau, Jahnstraße;Donnerstag;2021-07-01;2021-06-29T07:59:27.893168Z
Arielle, die kleine Meerjungfrau;2218;Jahnturnhalle;64521 Groß-Gerau, Jahnstraße;Donnerstag;2021-07-01;2021-06-29T07:59:27.893168Z
Blockflötenconsort and Friends - Evviva la musica …;19;Kirche am Campus Bockenheim (im Studierendenhaus);60325 Frankfurt am Main, Jügelstr. 1;Donnerstag;2021-07-01;2021-06-29T07:59:27.893168Z
Erzeugermarkt Konstablerwache;452;Erzeugermarkt Konstablerwache;60313 Frankfurt am Main, Konstablerwache;Donnerstag;2021-07-01;2021-06-29T07:59:27.893168Z
Junge Choreografen VII;2242;Jahnturnhalle;64521 Groß-Gerau, Jahnstraße;Donnerstag;2021-07-01;2021-06-29T07:59:27.893168Z
Kaisermarkt;394;Kaisermarkt;60329 Frankfurt am Main, Kaiserstraße 81;Donnerstag;2021-07-01;2021-06-29T07:59:27.893168Z
SINNFLUT - Sommerlesung des sexyunderground;621;Literaturhaus Frankfurt;60311 Frankfurt, Schöne Aussicht 2;Donnerstag;2021-07-01;2021-06-29T07:59:27.893168Z
Summer Vintage Kilo Pop Up Store;95;VinoKilo;60232 Frankfurt am Main;Donnerstag;2021-07-01;2021-06-29T07:59:27.893168Z
LIVE x ICHI ICHI w/Nepumuk;2656; Tanzhaus West/Dora Brilliant;60327 Frankfurt am Main, Gutleutstraße 294;Mittwoch;2021-06-30;2021-06-29T07:59:59.941673Z
Verurteilt! Der Gerichtspodcast - Live;8145; Batschkapp;60388 Frankfurt am Main, Gwinnerstraße 5;Mittwoch;2021-06-30;2021-06-29T07:59:59.941673Z
Der Zauberer von Oz;2254; Jahnturnhalle;64521 Groß-Gerau, Jahnstraße;Mittwoch;2021-06-30;2021-06-29T07:59:59.941673Z
Die Akte Jedermann;1791; Carl-Zuckmayer-Halle;55299 Nackenheim, Lörzweiler Straße 15;Mittwoch;2021-06-30;2021-06-29T07:59:59.941673Z
Hairspray - Das Broadway-Musical;1428; Carl-Zuckmayer-Halle;55299 Nackenheim, Lörzweiler Straße 15;Mittwoch;2021-06-30;2021-06-29T07:59:59.941673Z
Löwen Frankfurt;540; Löwen Frankfurt;60386 Frankfurt am Main, Am Bornheimer Hang 4;Mittwoch;2021-06-30;2021-06-29T07:59:59.941673Z
Martinsvierteler Markt;639; Riegerplatz;64289 Darmstadt;Mittwoch;2021-06-30;2021-06-29T07:59:59.941673Z
"Online Tour ""Bunte Götter""";481; Liebieghaus Skulpturensammlung;60596 Frankfurt am Main, Schaumainkai 71;Mittwoch;2021-06-30;2021-06-29T07:59:59.941673Z
Wochenmarkt Bornheim;459; Wochenmarkt Bornheim;60385 Frankfurt am Main, Berger Straße 194;Mittwoch;2021-06-30;2021-06-29T07:59:59.941673Z
Wochenmarkt Rödelheim;538; Wochenmarkt Rödelheim;60489 Frankfurt am Main, Arthur-Stern-Platz;Mittwoch;2021-06-30;2021-06-29T07:59:59.941673Z
Populismus-Kultur-Kampf;; Goethe Universität;60323 Frankfurt am Main, Grüneburgplatz 1;Donnerstag;2021-07-01;2021-06-29T08:00:00.773543Z
Kafvka;922; Batschkapp;60388 Frankfurt am Main, Gwinnerstraße 5;Donnerstag;2021-07-01;2021-06-29T08:00:00.773543Z
50:50 von und mit Lukas Schmied;1463; Carl-Zuckmayer-Halle;55299 Nackenheim, Lörzweiler Straße 15;Donnerstag;2021-07-01;2021-06-29T08:00:00.773543Z
Alex Kristan - Heimvorteil;2310; Jahnturnhalle;64521 Groß-Gerau, Jahnstraße;Donnerstag;2021-07-01;2021-06-29T08:00:00.773543Z
Arielle, die kleine Meerjungfrau;2219; Jahnturnhalle;64521 Groß-Gerau, Jahnstraße;Donnerstag;2021-07-01;2021-06-29T08:00:00.773543Z
Blockflötenconsort and Friends - Evviva la musica …;20; Kirche am Campus Bockenheim (im Studierendenhaus);60325 Frankfurt am Main, Jügelstr. 1;Donnerstag;2021-07-01;2021-06-29T08:00:00.773543Z
Erzeugermarkt Konstablerwache;453; Erzeugermarkt Konstablerwache;60313 Frankfurt am Main, Konstablerwache;Donnerstag;2021-07-01;2021-06-29T08:00:00.773543Z
Junge Choreografen VII;2243; Jahnturnhalle;64521 Groß-Gerau, Jahnstraße;Donnerstag;2021-07-01;2021-06-29T08:00:00.773543Z
Kaisermarkt;395; Kaisermarkt;60329 Frankfurt am Main, Kaiserstraße 81;Donnerstag;2021-07-01;2021-06-29T08:00:00.773543Z
SINNFLUT - Sommerlesung des sexyunderground;622; Literaturhaus Frankfurt;60311 Frankfurt, Schöne Aussicht 2;Donnerstag;2021-07-01;2021-06-29T08:00:00.773543Z
Summer Vintage Kilo Pop Up Store;96; VinoKilo;60232 Frankfurt am Main;Donnerstag;2021-07-01;2021-06-29T08:00:00.773543Z
LIVE x ICHI ICHI w/Nepumuk;2655;Tanzhaus West/Dora Brilliant;60327 Frankfurt am Main, Gutleutstraße 294;Mittwoch;2021-06-30;2021-06-29T07:59:26.834437Z
Verurteilt! Der Gerichtspodcast - Live;8144;Batschkapp;60388 Frankfurt am Main, Gwinnerstraße 5;Mittwoch;2021-06-30;2021-06-29T07:59:26.834437Z
Der Zauberer von Oz;2253;Jahnturnhalle;64521 Groß-Gerau, Jahnstraße;Mittwoch;2021-06-30;2021-06-29T07:59:26.834437Z
Die Akte Jedermann;1790;Carl-Zuckmayer-Halle;55299 Nackenheim, Lörzweiler Straße 15;Mittwoch;2021-06-30;2021-06-29T07:59:26.834437Z
Hairspray - Das Broadway-Musical;1427;Carl-Zuckmayer-Halle;55299 Nackenheim, Lörzweiler Straße 15;Mittwoch;2021-06-30;2021-06-29T07:59:26.834437Z
Löwen Frankfurt;539;Löwen Frankfurt;60386 Frankfurt am Main, Am Bornheimer Hang 4;Mittwoch;2021-06-30;2021-06-29T07:59:26.834437Z
Martinsvierteler Markt;638;Riegerplatz;64289 Darmstadt;Mittwoch;2021-06-30;2021-06-29T07:59:26.834437Z
"Online Tour """"Bunte Götter""""";480;Liebieghaus Skulpturensammlung;60596 Frankfurt am Main, Schaumainkai 71;Mittwoch;2021-06-30;2021-06-29T07:59:26.834437Z
Wochenmarkt Bornheim;458;Wochenmarkt Bornheim;60385 Frankfurt am Main, Berger Straße 194;Mittwoch;2021-06-30;2021-06-29T07:59:26.834437Z
Wochenmarkt Rödelheim;537;Wochenmarkt Rödelheim;60489 Frankfurt am Main, Arthur-Stern-Platz;Mittwoch;2021-06-30;2021-06-29T07:59:26.834437Z
Populismus-Kultur-Kampf;;Goethe Universität;60323 Frankfurt am Main, Grüneburgplatz 1;Donnerstag;2021-07-01;2021-06-29T07:59:27.893168Z
Kafvka;921;Batschkapp;60388 Frankfurt am Main, Gwinnerstraße 5;Donnerstag;2021-07-01;2021-06-29T07:59:27.893168Z
50:50 von und mit Lukas Schmied;1462;Carl-Zuckmayer-Halle;55299 Nackenheim, Lörzweiler Straße 15;Donnerstag;2021-07-01;2021-06-29T07:59:27.893168Z
Alex Kristan - Heimvorteil;2309;Jahnturnhalle;64521 Groß-Gerau, Jahnstraße;Donnerstag;2021-07-01;2021-06-29T07:59:27.893168Z
Arielle, die kleine Meerjungfrau;2218;Jahnturnhalle;64521 Groß-Gerau, Jahnstraße;Donnerstag;2021-07-01;2021-06-29T07:59:27.893168Z
Blockflötenconsort and Friends - Evviva la musica …;19;Kirche am Campus Bockenheim (im Studierendenhaus);60325 Frankfurt am Main, Jügelstr. 1;Donnerstag;2021-07-01;2021-06-29T07:59:27.893168Z
Erzeugermarkt Konstablerwache;452;Erzeugermarkt Konstablerwache;60313 Frankfurt am Main, Konstablerwache;Donnerstag;2021-07-01;2021-06-29T07:59:27.893168Z
Junge Choreografen VII;2242;Jahnturnhalle;64521 Groß-Gerau, Jahnstraße;Donnerstag;2021-07-01;2021-06-29T07:59:27.893168Z
Kaisermarkt;394;Kaisermarkt;60329 Frankfurt am Main, Kaiserstraße 81;Donnerstag;2021-07-01;2021-06-29T07:59:27.893168Z
SINNFLUT - Sommerlesung des sexyunderground;621;Literaturhaus Frankfurt;60311 Frankfurt, Schöne Aussicht 2;Donnerstag;2021-07-01;2021-06-29T07:59:27.893168Z
Summer Vintage Kilo Pop Up Store;95;VinoKilo;60232 Frankfurt am Main;Donnerstag;2021-07-01;2021-06-29T07:59:27.893168Z
LIVE x ICHI ICHI w/Nepumuk;2656; Tanzhaus West/Dora Brilliant;60327 Frankfurt am Main, Gutleutstraße 294;Mittwoch;2021-06-30;2021-06-29T07:59:59.941673Z
Verurteilt! Der Gerichtspodcast - Live;8145; Batschkapp;60388 Frankfurt am Main, Gwinnerstraße 5;Mittwoch;2021-06-30;2021-06-29T07:59:59.941673Z
Der Zauberer von Oz;2254; Jahnturnhalle;64521 Groß-Gerau, Jahnstraße;Mittwoch;2021-06-30;2021-06-29T07:59:59.941673Z
Die Akte Jedermann;1791; Carl-Zuckmayer-Halle;55299 Nackenheim, Lörzweiler Straße 15;Mittwoch;2021-06-30;2021-06-29T07:59:59.941673Z
Hairspray - Das Broadway-Musical;1428; Carl-Zuckmayer-Halle;55299 Nackenheim, Lörzweiler Straße 15;Mittwoch;2021-06-30;2021-06-29T07:59:59.941673Z
Löwen Frankfurt;540; Löwen Frankfurt;60386 Frankfurt am Main, Am Bornheimer Hang 4;Mittwoch;2021-06-30;2021-06-29T07:59:59.941673Z
Martinsvierteler Markt;639; Riegerplatz;64289 Darmstadt;Mittwoch;2021-06-30;2021-06-29T07:59:59.941673Z
"Online Tour ""Bunte Götter""";481; Liebieghaus Skulpturensammlung;60596 Frankfurt am Main, Schaumainkai 71;Mittwoch;2021-06-30;2021-06-29T07:59:59.941673Z
Wochenmarkt Bornheim;459; Wochenmarkt Bornheim;60385 Frankfurt am Main, Berger Straße 194;Mittwoch;2021-06-30;2021-06-29T07:59:59.941673Z
Wochenmarkt Rödelheim;538; Wochenmarkt Rödelheim;60489 Frankfurt am Main, Arthur-Stern-Platz;Mittwoch;2021-06-30;2021-06-29T07:59:59.941673Z
Populismus-Kultur-Kampf;; Goethe Universität;60323 Frankfurt am Main, Grüneburgplatz 1;Donnerstag;2021-07-01;2021-06-29T08:00:00.773543Z
Kafvka;922; Batschkapp;60388 Frankfurt am Main, Gwinnerstraße 5;Donnerstag;2021-07-01;2021-06-29T08:00:00.773543Z
50:50 von und mit Lukas Schmied;1463; Carl-Zuckmayer-Halle;55299 Nackenheim, Lörzweiler Straße 15;Donnerstag;2021-07-01;2021-06-29T08:00:00.773543Z
Alex Kristan - Heimvorteil;2310; Jahnturnhalle;64521 Groß-Gerau, Jahnstraße;Donnerstag;2021-07-01;2021-06-29T08:00:00.773543Z
Arielle, die kleine Meerjungfrau;2219; Jahnturnhalle;64521 Groß-Gerau, Jahnstraße;Donnerstag;2021-07-01;2021-06-29T08:00:00.773543Z
Blockflötenconsort and Friends - Evviva la musica …;20; Kirche am Campus Bockenheim (im Studierendenhaus);60325 Frankfurt am Main, Jügelstr. 1;Donnerstag;2021-07-01;2021-06-29T08:00:00.773543Z
Erzeugermarkt Konstablerwache;453; Erzeugermarkt Konstablerwache;60313 Frankfurt am Main, Konstablerwache;Donnerstag;2021-07-01;2021-06-29T08:00:00.773543Z
Junge Choreografen VII;2243; Jahnturnhalle;64521 Groß-Gerau, Jahnstraße;Donnerstag;2021-07-01;2021-06-29T08:00:00.773543Z
Kaisermarkt;395; Kaisermarkt;60329 Frankfurt am Main, Kaiserstraße 81;Donnerstag;2021-07-01;2021-06-29T08:00:00.773543Z
SINNFLUT - Sommerlesung des sexyunderground;622; Literaturhaus Frankfurt;60311 Frankfurt, Schöne Aussicht 2;Donnerstag;2021-07-01;2021-06-29T08:00:00.773543Z
Summer Vintage Kilo Pop Up Store;96; VinoKilo;60232 Frankfurt am Main;Donnerstag;2021-07-01;2021-06-29T08:00:00.773543Z
LIVE x ICHI ICHI w/Nepumuk;2656;Tanzhaus West/Dora Brilliant;60327 Frankfurt am Main, Gutleutstraße 294;Mittwoch;2021-06-30;2021-06-29T07:59:59.941673Z
Verurteilt! Der Gerichtspodcast - Live;8145;Batschkapp;60388 Frankfurt am Main, Gwinnerstraße 5;Mittwoch;2021-06-30;2021-06-29T07:59:59.941673Z
Der Zauberer von Oz;2254;Jahnturnhalle;64521 Groß-Gerau, Jahnstraße;Mittwoch;2021-06-30;2021-06-29T07:59:59.941673Z
Die Akte Jedermann;1791;Carl-Zuckmayer-Halle;55299 Nackenheim, Lörzweiler Straße 15;Mittwoch;2021-06-30;2021-06-29T07:59:59.941673Z
Hairspray - Das Broadway-Musical;1428;Carl-Zuckmayer-Halle;55299 Nackenheim, Lörzweiler Straße 15;Mittwoch;2021-06-30;2021-06-29T07:59:59.941673Z
Löwen Frankfurt;540;Löwen Frankfurt;60386 Frankfurt am Main, Am Bornheimer Hang 4;Mittwoch;2021-06-30;2021-06-29T07:59:59.941673Z
Martinsvierteler Markt;639;Riegerplatz;64289 Darmstadt;Mittwoch;2021-06-30;2021-06-29T07:59:59.941673Z
"Online Tour """"Bunte Götter""""";481;Liebieghaus Skulpturensammlung;60596 Frankfurt am Main, Schaumainkai 71;Mittwoch;2021-06-30;2021-06-29T07:59:59.941673Z
Wochenmarkt Bornheim;459;Wochenmarkt Bornheim;60385 Frankfurt am Main, Berger Straße 194;Mittwoch;2021-06-30;2021-06-29T07:59:59.941673Z
Wochenmarkt Rödelheim;538;Wochenmarkt Rödelheim;60489 Frankfurt am Main, Arthur-Stern-Platz;Mittwoch;2021-06-30;2021-06-29T07:59:59.941673Z
Populismus-Kultur-Kampf;;Goethe Universität;60323 Frankfurt am Main, Grüneburgplatz 1;Donnerstag;2021-07-01;2021-06-29T08:00:00.773543Z
Kafvka;922;Batschkapp;60388 Frankfurt am Main, Gwinnerstraße 5;Donnerstag;2021-07-01;2021-06-29T08:00:00.773543Z
50:50 von und mit Lukas Schmied;1463;Carl-Zuckmayer-Halle;55299 Nackenheim, Lörzweiler Straße 15;Donnerstag;2021-07-01;2021-06-29T08:00:00.773543Z
Alex Kristan - Heimvorteil;2310;Jahnturnhalle;64521 Groß-Gerau, Jahnstraße;Donnerstag;2021-07-01;2021-06-29T08:00:00.773543Z
Arielle, die kleine Meerjungfrau;2219;Jahnturnhalle;64521 Groß-Gerau, Jahnstraße;Donnerstag;2021-07-01;2021-06-29T08:00:00.773543Z
Blockflötenconsort and Friends - Evviva la musica …;20;Kirche am Campus Bockenheim (im Studierendenhaus);60325 Frankfurt am Main, Jügelstr. 1;Donnerstag;2021-07-01;2021-06-29T08:00:00.773543Z
Erzeugermarkt Konstablerwache;453;Erzeugermarkt Konstablerwache;60313 Frankfurt am Main, Konstablerwache;Donnerstag;2021-07-01;2021-06-29T08:00:00.773543Z
Junge Choreografen VII;2243;Jahnturnhalle;64521 Groß-Gerau, Jahnstraße;Donnerstag;2021-07-01;2021-06-29T08:00:00.773543Z
Kaisermarkt;395;Kaisermarkt;60329 Frankfurt am Main, Kaiserstraße 81;Donnerstag;2021-07-01;2021-06-29T08:00:00.773543Z
SINNFLUT - Sommerlesung des sexyunderground;622;Literaturhaus Frankfurt;60311 Frankfurt, Schöne Aussicht 2;Donnerstag;2021-07-01;2021-06-29T08:00:00.773543Z
Summer Vintage Kilo Pop Up Store;96;VinoKilo;60232 Frankfurt am Main;Donnerstag;2021-07-01;2021-06-29T08:00:00.773543Z
"Online Tour """"""""Bunte Götter""""""""";480;Liebieghaus Skulpturensammlung;60596 Frankfurt am Main, Schaumainkai 71;Mittwoch;2021-06-30;2021-06-29T07:59:26.834437Z
LIVE x ICHI ICHI w/Nepumuk;2683; Tanzhaus West/Dora Brilliant;60327 Frankfurt am Main, Gutleutstraße 294;Mittwoch;2021-06-30;2021-06-29T08:53:35.637792Z
Verurteilt! Der Gerichtspodcast - Live;8269; Batschkapp;60388 Frankfurt am Main, Gwinnerstraße 5;Mittwoch;2021-06-30;2021-06-29T08:53:35.637792Z
Der Zauberer von Oz;2278; Jahnturnhalle;64521 Groß-Gerau, Jahnstraße;Mittwoch;2021-06-30;2021-06-29T08:53:35.637792Z
Die Akte Jedermann;1804; Carl-Zuckmayer-Halle;55299 Nackenheim, Lörzweiler Straße 15;Mittwoch;2021-06-30;2021-06-29T08:53:35.637792Z
Hairspray - Das Broadway-Musical;1441; Carl-Zuckmayer-Halle;55299 Nackenheim, Lörzweiler Straße 15;Mittwoch;2021-06-30;2021-06-29T08:53:35.637792Z
Löwen Frankfurt;543; Löwen Frankfurt;60386 Frankfurt am Main, Am Bornheimer Hang 4;Mittwoch;2021-06-30;2021-06-29T08:53:35.637792Z
Martinsvierteler Markt;642; Riegerplatz;64289 Darmstadt;Mittwoch;2021-06-30;2021-06-29T08:53:35.637792Z
"Online Tour ""Bunte Götter""";484; Liebieghaus Skulpturensammlung;60596 Frankfurt am Main, Schaumainkai 71;Mittwoch;2021-06-30;2021-06-29T08:53:35.637792Z
Wochenmarkt Bornheim;463; Wochenmarkt Bornheim;60385 Frankfurt am Main, Berger Straße 194;Mittwoch;2021-06-30;2021-06-29T08:53:35.637792Z
Wochenmarkt Rödelheim;541; Wochenmarkt Rödelheim;60489 Frankfurt am Main, Arthur-Stern-Platz;Mittwoch;2021-06-30;2021-06-29T08:53:35.637792Z
Populismus-Kultur-Kampf;; Goethe Universität;60323 Frankfurt am Main, Grüneburgplatz 1;Donnerstag;2021-07-01;2021-06-29T08:53:37.284237Z
Kafvka;1046; Batschkapp;60388 Frankfurt am Main, Gwinnerstraße 5;Donnerstag;2021-07-01;2021-06-29T08:53:37.284237Z
50:50 von und mit Lukas Schmied;1476; Carl-Zuckmayer-Halle;55299 Nackenheim, Lörzweiler Straße 15;Donnerstag;2021-07-01;2021-06-29T08:53:37.284237Z
Alex Kristan - Heimvorteil;2334; Jahnturnhalle;64521 Groß-Gerau, Jahnstraße;Donnerstag;2021-07-01;2021-06-29T08:53:37.284237Z
Arielle, die kleine Meerjungfrau;2243; Jahnturnhalle;64521 Groß-Gerau, Jahnstraße;Donnerstag;2021-07-01;2021-06-29T08:53:37.284237Z
Blockflötenconsort and Friends - Evviva la musica …;23; Kirche am Campus Bockenheim (im Studierendenhaus);60325 Frankfurt am Main, Jügelstr. 1;Donnerstag;2021-07-01;2021-06-29T08:53:37.284237Z
Erzeugermarkt Konstablerwache;456; Erzeugermarkt Konstablerwache;60313 Frankfurt am Main, Konstablerwache;Donnerstag;2021-07-01;2021-06-29T08:53:37.284237Z
Hafenkino Open Air: Und morgen die ganze Welt;59; Hafen 2;63067 Offenbach, Nordring 129;Donnerstag;2021-07-01;2021-06-29T08:53:37.284237Z
Junge Choreografen VII;2267; Jahnturnhalle;64521 Groß-Gerau, Jahnstraße;Donnerstag;2021-07-01;2021-06-29T08:53:37.284237Z
Kaisermarkt;398; Kaisermarkt;60329 Frankfurt am Main, Kaiserstraße 81;Donnerstag;2021-07-01;2021-06-29T08:53:37.284237Z
SINNFLUT - Sommerlesung des sexyunderground;625; Literaturhaus Frankfurt;60311 Frankfurt, Schöne Aussicht 2;Donnerstag;2021-07-01;2021-06-29T08:53:37.284237Z
Summer Vintage Kilo Pop Up Store;99; VinoKilo;60232 Frankfurt am Main;Donnerstag;2021-07-01;2021-06-29T08:53:37.284237Z
LIVE x ICHI ICHI w/Nepumuk;2683;Tanzhaus West/Dora Brilliant;60327 Frankfurt am Main, Gutleutstraße 294;Mittwoch;2021-06-30;2021-06-29T08:53:35.637792Z
Verurteilt! Der Gerichtspodcast - Live;8269;Batschkapp;60388 Frankfurt am Main, Gwinnerstraße 5;Mittwoch;2021-06-30;2021-06-29T08:53:35.637792Z
Der Zauberer von Oz;2278;Jahnturnhalle;64521 Groß-Gerau, Jahnstraße;Mittwoch;2021-06-30;2021-06-29T08:53:35.637792Z
Die Akte Jedermann;1804;Carl-Zuckmayer-Halle;55299 Nackenheim, Lörzweiler Straße 15;Mittwoch;2021-06-30;2021-06-29T08:53:35.637792Z
Hairspray - Das Broadway-Musical;1441;Carl-Zuckmayer-Halle;55299 Nackenheim, Lörzweiler Straße 15;Mittwoch;2021-06-30;2021-06-29T08:53:35.637792Z
Löwen Frankfurt;543;Löwen Frankfurt;60386 Frankfurt am Main, Am Bornheimer Hang 4;Mittwoch;2021-06-30;2021-06-29T08:53:35.637792Z
Martinsvierteler Markt;642;Riegerplatz;64289 Darmstadt;Mittwoch;2021-06-30;2021-06-29T08:53:35.637792Z
"Online Tour """"Bunte Götter""""";484;Liebieghaus Skulpturensammlung;60596 Frankfurt am Main, Schaumainkai 71;Mittwoch;2021-06-30;2021-06-29T08:53:35.637792Z
Wochenmarkt Bornheim;463;Wochenmarkt Bornheim;60385 Frankfurt am Main, Berger Straße 194;Mittwoch;2021-06-30;2021-06-29T08:53:35.637792Z
Wochenmarkt Rödelheim;541;Wochenmarkt Rödelheim;60489 Frankfurt am Main, Arthur-Stern-Platz;Mittwoch;2021-06-30;2021-06-29T08:53:35.637792Z
Populismus-Kultur-Kampf;;Goethe Universität;60323 Frankfurt am Main, Grüneburgplatz 1;Donnerstag;2021-07-01;2021-06-29T08:53:37.284237Z
Kafvka;1046;Batschkapp;60388 Frankfurt am Main, Gwinnerstraße 5;Donnerstag;2021-07-01;2021-06-29T08:53:37.284237Z
50:50 von und mit Lukas Schmied;1476;Carl-Zuckmayer-Halle;55299 Nackenheim, Lörzweiler Straße 15;Donnerstag;2021-07-01;2021-06-29T08:53:37.284237Z
Alex Kristan - Heimvorteil;2334;Jahnturnhalle;64521 Groß-Gerau, Jahnstraße;Donnerstag;2021-07-01;2021-06-29T08:53:37.284237Z
Arielle, die kleine Meerjungfrau;2243;Jahnturnhalle;64521 Groß-Gerau, Jahnstraße;Donnerstag;2021-07-01;2021-06-29T08:53:37.284237Z
Blockflötenconsort and Friends - Evviva la musica …;23;Kirche am Campus Bockenheim (im Studierendenhaus);60325 Frankfurt am Main, Jügelstr. 1;Donnerstag;2021-07-01;2021-06-29T08:53:37.284237Z
Erzeugermarkt Konstablerwache;456;Erzeugermarkt Konstablerwache;60313 Frankfurt am Main, Konstablerwache;Donnerstag;2021-07-01;2021-06-29T08:53:37.284237Z
Junge Choreografen VII;2267;Jahnturnhalle;64521 Groß-Gerau, Jahnstraße;Donnerstag;2021-07-01;2021-06-29T08:53:37.284237Z
Kaisermarkt;398;Kaisermarkt;60329 Frankfurt am Main, Kaiserstraße 81;Donnerstag;2021-07-01;2021-06-29T08:53:37.284237Z
SINNFLUT - Sommerlesung des sexyunderground;625;Literaturhaus Frankfurt;60311 Frankfurt, Schöne Aussicht 2;Donnerstag;2021-07-01;2021-06-29T08:53:37.284237Z
Summer Vintage Kilo Pop Up Store;99;VinoKilo;60232 Frankfurt am Main;Donnerstag;2021-07-01;2021-06-29T08:53:37.284237Z
"Online Tour """"""""Bunte Götter""""""""";481;Liebieghaus Skulpturensammlung;60596 Frankfurt am Main, Schaumainkai 71;Mittwoch;2021-06-30;2021-06-29T07:59:59.941673Z
"Online Tour """"""""""""""""Bunte Götter""""""""""""""""";480;Liebieghaus Skulpturensammlung;60596 Frankfurt am Main, Schaumainkai 71;Mittwoch;2021-06-30;2021-06-29T07:59:26.834437Z
Hafenkino Open Air: Und morgen die ganze Welt;59;Hafen 2;63067 Offenbach, Nordring 129;Donnerstag;2021-07-01;2021-06-29T08:53:37.284237Z
LIVE x ICHI ICHI w/Nepumuk;2686; Tanzhaus West/Dora Brilliant;60327 Frankfurt am Main, Gutleutstraße 294;Mittwoch;2021-06-30;2021-06-29T09:01:25.370492Z
Verurteilt! Der Gerichtspodcast - Live;8272; Batschkapp;60388 Frankfurt am Main, Gwinnerstraße 5;Mittwoch;2021-06-30;2021-06-29T09:01:25.370492Z
Der Zauberer von Oz;2282; Jahnturnhalle;64521 Groß-Gerau, Jahnstraße;Mittwoch;2021-06-30;2021-06-29T09:01:25.370492Z
Die Akte Jedermann;1806; Carl-Zuckmayer-Halle;55299 Nackenheim, Lörzweiler Straße 15;Mittwoch;2021-06-30;2021-06-29T09:01:25.370492Z
Hairspray - Das Broadway-Musical;1443; Carl-Zuckmayer-Halle;55299 Nackenheim, Lörzweiler Straße 15;Mittwoch;2021-06-30;2021-06-29T09:01:25.370492Z
Löwen Frankfurt;544; Löwen Frankfurt;60386 Frankfurt am Main, Am Bornheimer Hang 4;Mittwoch;2021-06-30;2021-06-29T09:01:25.370492Z
Martinsvierteler Markt;643; Riegerplatz;64289 Darmstadt;Mittwoch;2021-06-30;2021-06-29T09:01:25.370492Z
"Online Tour ""Bunte Götter""";485; Liebieghaus Skulpturensammlung;60596 Frankfurt am Main, Schaumainkai 71;Mittwoch;2021-06-30;2021-06-29T09:01:25.370492Z
Wochenmarkt Bornheim;464; Wochenmarkt Bornheim;60385 Frankfurt am Main, Berger Straße 194;Mittwoch;2021-06-30;2021-06-29T09:01:25.370492Z
Wochenmarkt Rödelheim;542; Wochenmarkt Rödelheim;60489 Frankfurt am Main, Arthur-Stern-Platz;Mittwoch;2021-06-30;2021-06-29T09:01:25.370492Z
Populismus-Kultur-Kampf;; Goethe Universität;60323 Frankfurt am Main, Grüneburgplatz 1;Donnerstag;2021-07-01;2021-06-29T09:01:27.690907Z
Kafvka;1049; Batschkapp;60388 Frankfurt am Main, Gwinnerstraße 5;Donnerstag;2021-07-01;2021-06-29T09:01:27.690907Z
50:50 von und mit Lukas Schmied;1478; Carl-Zuckmayer-Halle;55299 Nackenheim, Lörzweiler Straße 15;Donnerstag;2021-07-01;2021-06-29T09:01:27.690907Z
Alex Kristan - Heimvorteil;2338; Jahnturnhalle;64521 Groß-Gerau, Jahnstraße;Donnerstag;2021-07-01;2021-06-29T09:01:27.690907Z
Arielle, die kleine Meerjungfrau;2247; Jahnturnhalle;64521 Groß-Gerau, Jahnstraße;Donnerstag;2021-07-01;2021-06-29T09:01:27.690907Z
Blockflötenconsort and Friends - Evviva la musica …;24; Kirche am Campus Bockenheim (im Studierendenhaus);60325 Frankfurt am Main, Jügelstr. 1;Donnerstag;2021-07-01;2021-06-29T09:01:27.690907Z
Erzeugermarkt Konstablerwache;457; Erzeugermarkt Konstablerwache;60313 Frankfurt am Main, Konstablerwache;Donnerstag;2021-07-01;2021-06-29T09:01:27.690907Z
Hafenkino Open Air: Und morgen die ganze Welt;75; Hafen 2;63067 Offenbach, Nordring 129;Donnerstag;2021-07-01;2021-06-29T09:01:27.690907Z
Junge Choreografen VII;2271; Jahnturnhalle;64521 Groß-Gerau, Jahnstraße;Donnerstag;2021-07-01;2021-06-29T09:01:27.690907Z
Kaisermarkt;399; Kaisermarkt;60329 Frankfurt am Main, Kaiserstraße 81;Donnerstag;2021-07-01;2021-06-29T09:01:27.690907Z
SINNFLUT - Sommerlesung des sexyunderground;626; Literaturhaus Frankfurt;60311 Frankfurt, Schöne Aussicht 2;Donnerstag;2021-07-01;2021-06-29T09:01:27.690907Z
Summer Vintage Kilo Pop Up Store;100; VinoKilo;60232 Frankfurt am Main;Donnerstag;2021-07-01;2021-06-29T09:01:27.690907Z
LIVE x ICHI ICHI w/Nepumuk;2686;Tanzhaus West/Dora Brilliant;60327 Frankfurt am Main, Gutleutstraße 294;Mittwoch;2021-06-30;2021-06-29T09:01:25.370492Z
Verurteilt! Der Gerichtspodcast - Live;8272;Batschkapp;60388 Frankfurt am Main, Gwinnerstraße 5;Mittwoch;2021-06-30;2021-06-29T09:01:25.370492Z
Der Zauberer von Oz;2282;Jahnturnhalle;64521 Groß-Gerau, Jahnstraße;Mittwoch;2021-06-30;2021-06-29T09:01:25.370492Z
Die Akte Jedermann;1806;Carl-Zuckmayer-Halle;55299 Nackenheim, Lörzweiler Straße 15;Mittwoch;2021-06-30;2021-06-29T09:01:25.370492Z
Hairspray - Das Broadway-Musical;1443;Carl-Zuckmayer-Halle;55299 Nackenheim, Lörzweiler Straße 15;Mittwoch;2021-06-30;2021-06-29T09:01:25.370492Z
Löwen Frankfurt;544;Löwen Frankfurt;60386 Frankfurt am Main, Am Bornheimer Hang 4;Mittwoch;2021-06-30;2021-06-29T09:01:25.370492Z
Martinsvierteler Markt;643;Riegerplatz;64289 Darmstadt;Mittwoch;2021-06-30;2021-06-29T09:01:25.370492Z
"Online Tour """"Bunte Götter""""";485;Liebieghaus Skulpturensammlung;60596 Frankfurt am Main, Schaumainkai 71;Mittwoch;2021-06-30;2021-06-29T09:01:25.370492Z
Wochenmarkt Bornheim;464;Wochenmarkt Bornheim;60385 Frankfurt am Main, Berger Straße 194;Mittwoch;2021-06-30;2021-06-29T09:01:25.370492Z
Wochenmarkt Rödelheim;542;Wochenmarkt Rödelheim;60489 Frankfurt am Main, Arthur-Stern-Platz;Mittwoch;2021-06-30;2021-06-29T09:01:25.370492Z
Populismus-Kultur-Kampf;;Goethe Universität;60323 Frankfurt am Main, Grüneburgplatz 1;Donnerstag;2021-07-01;2021-06-29T09:01:27.690907Z
Kafvka;1049;Batschkapp;60388 Frankfurt am Main, Gwinnerstraße 5;Donnerstag;2021-07-01;2021-06-29T09:01:27.690907Z
50:50 von und mit Lukas Schmied;1478;Carl-Zuckmayer-Halle;55299 Nackenheim, Lörzweiler Straße 15;Donnerstag;2021-07-01;2021-06-29T09:01:27.690907Z
Alex Kristan - Heimvorteil;2338;Jahnturnhalle;64521 Groß-Gerau, Jahnstraße;Donnerstag;2021-07-01;2021-06-29T09:01:27.690907Z
Arielle, die kleine Meerjungfrau;2247;Jahnturnhalle;64521 Groß-Gerau, Jahnstraße;Donnerstag;2021-07-01;2021-06-29T09:01:27.690907Z
Blockflötenconsort and Friends - Evviva la musica …;24;Kirche am Campus Bockenheim (im Studierendenhaus);60325 Frankfurt am Main, Jügelstr. 1;Donnerstag;2021-07-01;2021-06-29T09:01:27.690907Z
Erzeugermarkt Konstablerwache;457;Erzeugermarkt Konstablerwache;60313 Frankfurt am Main, Konstablerwache;Donnerstag;2021-07-01;2021-06-29T09:01:27.690907Z
Junge Choreografen VII;2271;Jahnturnhalle;64521 Groß-Gerau, Jahnstraße;Donnerstag;2021-07-01;2021-06-29T09:01:27.690907Z
Kaisermarkt;399;Kaisermarkt;60329 Frankfurt am Main, Kaiserstraße 81;Donnerstag;2021-07-01;2021-06-29T09:01:27.690907Z
SINNFLUT - Sommerlesung des sexyunderground;626;Literaturhaus Frankfurt;60311 Frankfurt, Schöne Aussicht 2;Donnerstag;2021-07-01;2021-06-29T09:01:27.690907Z
Summer Vintage Kilo Pop Up Store;100;VinoKilo;60232 Frankfurt am Main;Donnerstag;2021-07-01;2021-06-29T09:01:27.690907Z
"Online Tour """"""""Bunte Götter""""""""";484;Liebieghaus Skulpturensammlung;60596 Frankfurt am Main, Schaumainkai 71;Mittwoch;2021-06-30;2021-06-29T08:53:35.637792Z
"Online Tour """"""""""""""""Bunte Götter""""""""""""""""";481;Liebieghaus Skulpturensammlung;60596 Frankfurt am Main, Schaumainkai 71;Mittwoch;2021-06-30;2021-06-29T07:59:59.941673Z
Hafenkino Open Air: Und morgen die ganze Welt;75;Hafen 2;63067 Offenbach, Nordring 129;Donnerstag;2021-07-01;2021-06-29T09:01:27.690907Z
"Online Tour """"""""""""""""""""""""""""""""Bunte Götter""""""""""""""""""""""""""""""""";480;Liebieghaus Skulpturensammlung;60596 Frankfurt am Main, Schaumainkai 71;Mittwoch;2021-06-30;2021-06-29T07:59:26.834437Z
Fil Bo Riva - Brotfabrik Sommerwiese;378; Jahrhunderthalle;65929 Frankfurt am Main, Pfaffenwiese 301;Dienstag;2021-06-29;2021-06-29T16:56:58.517280Z
Hairspray - Das Broadway-Musical;2466; Carl-Zuckmayer-Halle;55299 Nackenheim, Lörzweiler Straße 15;Dienstag;2021-06-29;2021-06-29T16:56:58.517280Z
Wochenmarkt Sachsenhausen;997; Wochenmarkt Sachsenhausen;60594 Frankfurt am Main, Diesterwegplatz 50;Dienstag;2021-06-29;2021-06-29T16:56:58.517280Z
Wochenmarkt und Markthalle Höchst;1461; Markthalle und Wochenmarkt Höchst;65929 Frankfurt am Main, Höchster Markt 6;Dienstag;2021-06-29;2021-06-29T16:56:58.517280Z
LIVE x ICHI ICHI w/Nepumuk;3041; Tanzhaus West/Dora Brilliant;60327 Frankfurt am Main, Gutleutstraße 294;Mittwoch;2021-06-30;2021-06-29T16:57:00.106973Z
Verurteilt! Der Gerichtspodcast - Live;8591; Batschkapp;60388 Frankfurt am Main, Gwinnerstraße 5;Mittwoch;2021-06-30;2021-06-29T16:57:00.106973Z
Der Zauberer von Oz;2473; Jahnturnhalle;64521 Groß-Gerau, Jahnstraße;Mittwoch;2021-06-30;2021-06-29T16:57:00.106973Z
Die Akte Jedermann;1872; Carl-Zuckmayer-Halle;55299 Nackenheim, Lörzweiler Straße 15;Mittwoch;2021-06-30;2021-06-29T16:57:00.106973Z
Hairspray - Das Broadway-Musical;1509; Carl-Zuckmayer-Halle;55299 Nackenheim, Lörzweiler Straße 15;Mittwoch;2021-06-30;2021-06-29T16:57:00.106973Z
Löwen Frankfurt;550; Löwen Frankfurt;60386 Frankfurt am Main, Am Bornheimer Hang 4;Mittwoch;2021-06-30;2021-06-29T16:57:00.106973Z
Martinsvierteler Markt;649; Riegerplatz;64289 Darmstadt;Mittwoch;2021-06-30;2021-06-29T16:57:00.106973Z
"Online Tour ""Bunte Götter""";494; Liebieghaus Skulpturensammlung;60596 Frankfurt am Main, Schaumainkai 71;Mittwoch;2021-06-30;2021-06-29T16:57:00.106973Z
Wochenmarkt Bornheim;472; Wochenmarkt Bornheim;60385 Frankfurt am Main, Berger Straße 194;Mittwoch;2021-06-30;2021-06-29T16:57:00.106973Z
Wochenmarkt Rödelheim;550; Wochenmarkt Rödelheim;60489 Frankfurt am Main, Arthur-Stern-Platz;Mittwoch;2021-06-30;2021-06-29T16:57:00.106973Z
Populismus-Kultur-Kampf;; Goethe Universität;60323 Frankfurt am Main, Grüneburgplatz 1;Donnerstag;2021-07-01;2021-06-29T16:57:01.713767Z
Kafvka;1374; Batschkapp;60388 Frankfurt am Main, Gwinnerstraße 5;Donnerstag;2021-07-01;2021-06-29T16:57:01.713767Z
50:50 von und mit Lukas Schmied;1546; Carl-Zuckmayer-Halle;55299 Nackenheim, Lörzweiler Straße 15;Donnerstag;2021-07-01;2021-06-29T16:57:01.713767Z
Alex Kristan - Heimvorteil;2530; Jahnturnhalle;64521 Groß-Gerau, Jahnstraße;Donnerstag;2021-07-01;2021-06-29T16:57:01.713767Z
Arielle, die kleine Meerjungfrau;2439; Jahnturnhalle;64521 Groß-Gerau, Jahnstraße;Donnerstag;2021-07-01;2021-06-29T16:57:01.713767Z
Blockflötenconsort and Friends - Evviva la musica …;36; Kirche am Campus Bockenheim (im Studierendenhaus);60325 Frankfurt am Main, Jügelstr. 1;Donnerstag;2021-07-01;2021-06-29T16:57:01.713767Z
Erzeugermarkt Konstablerwache;472; Erzeugermarkt Konstablerwache;60313 Frankfurt am Main, Konstablerwache;Donnerstag;2021-07-01;2021-06-29T16:57:01.713767Z
Hafenkino Open Air: Und morgen die ganze Welt;191; Hafen 2;63067 Offenbach, Nordring 129;Donnerstag;2021-07-01;2021-06-29T16:57:01.713767Z
Junge Choreografen VII;2463; Jahnturnhalle;64521 Groß-Gerau, Jahnstraße;Donnerstag;2021-07-01;2021-06-29T16:57:01.713767Z
Kaisermarkt;413; Kaisermarkt;60329 Frankfurt am Main, Kaiserstraße 81;Donnerstag;2021-07-01;2021-06-29T16:57:01.713767Z
SINNFLUT - Sommerlesung des sexyunderground;638; Literaturhaus Frankfurt;60311 Frankfurt, Schöne Aussicht 2;Donnerstag;2021-07-01;2021-06-29T16:57:01.713767Z
Summer Vintage Kilo Pop Up Store;115; VinoKilo;60232 Frankfurt am Main;Donnerstag;2021-07-01;2021-06-29T16:57:01.713767Z
Club Picknick x Extrawelt [live];2502; Tanzhaus West/Dora Brilliant;60327 Frankfurt am Main, Gutleutstraße 294;Freitag;2021-07-02;2021-06-29T16:57:03.338038Z
HipHop Biergarten;1325; Batschkapp;60388 Frankfurt am Main, Gwinnerstraße 5;Freitag;2021-07-02;2021-06-29T16:57:03.338038Z
Indoor Reopening;849; Bar Pracht;60329 Frankfurt am Main, Niddastraße 54;Freitag;2021-07-02;2021-06-29T16:57:03.338038Z
Alma Frye;1575; Carl-Zuckmayer-Halle;55299 Nackenheim, Lörzweiler Straße 15;Freitag;2021-07-02;2021-06-29T16:57:03.338038Z
Blond + Laura Lee & The Jettes + Wolf & Moon - …;6042; Jahrhunderthalle;65929 Frankfurt am Main, Pfaffenwiese 301;Freitag;2021-07-02;2021-06-29T16:57:03.338038Z
Blumenmarkt Liebfrauenberg;403; Liebfrauenberg;60313 Frankfurt am Main, Liebfrauenberg;Freitag;2021-07-02;2021-06-29T16:57:03.338038Z
Das Kriminal Dinner - Krimidinner für Jung und Alt;2496; Jahnturnhalle;64521 Groß-Gerau, Jahnstraße;Freitag;2021-07-02;2021-06-29T16:57:03.338038Z
Ein Mensch Brennt nach dem gleichnamigen Roman von …;341; Freies Schauspiel Ensemble;60487 Frankfurt am Main, Basaltstraße 23;Freitag;2021-07-02;2021-06-29T16:57:03.338038Z
Gallusmarkt;419; Gallusmarkt;60326 Frankfurt am Main, Frankenallee 183;Freitag;2021-07-02;2021-06-29T16:57:03.338038Z
Hafenkino Open Air: Frühling in Paris (OmU);169; Hafen 2;63067 Offenbach, Nordring 129;Freitag;2021-07-02;2021-06-29T16:57:03.338038Z
In Extremo;1272; Jahnturnhalle;64521 Groß-Gerau, Jahnstraße;Freitag;2021-07-02;2021-06-29T16:57:03.338038Z
Jim Knopf und Lukas der Lokomotivführer;1281; Carl-Zuckmayer-Halle;55299 Nackenheim, Lörzweiler Straße 15;Freitag;2021-07-02;2021-06-29T16:57:03.338038Z
Konzert: Tim McMillan & Rachel Snow, Go! Go!! …;173; Hafen 2;63067 Offenbach, Nordring 129;Freitag;2021-07-02;2021-06-29T16:57:03.338038Z
Revolverheld;1273; Jahnturnhalle;64521 Groß-Gerau, Jahnstraße;Freitag;2021-07-02;2021-06-29T16:57:03.338038Z
Ronja Räubertochter;1283; Jahnturnhalle;64521 Groß-Gerau, Jahnstraße;Freitag;2021-07-02;2021-06-29T16:57:03.338038Z
Sister Act;1290; Jahnturnhalle;64521 Groß-Gerau, Jahnstraße;Freitag;2021-07-02;2021-06-29T16:57:03.338038Z
Summer Vintage Kilo Pop Up Store;84; VinoKilo;60232 Frankfurt am Main;Freitag;2021-07-02;2021-06-29T16:57:03.338038Z
Winterreise - F. Schubert;1347; Jahnturnhalle;64521 Groß-Gerau, Jahnstraße;Freitag;2021-07-02;2021-06-29T16:57:03.338038Z
Wochenmarkt Sachsenhausen;364; Wochenmarkt Sachsenhausen;60594 Frankfurt am Main, Diesterwegplatz 50;Freitag;2021-07-02;2021-06-29T16:57:03.338038Z
Wochenmarkt und Markthalle Höchst;526; Markthalle und Wochenmarkt Höchst;65929 Frankfurt am Main, Höchster Markt 6;Freitag;2021-07-02;2021-06-29T16:57:03.338038Z
Club Picknick x THW Sommerfest;212; Tanzhaus West/Dora Brilliant;60327 Frankfurt am Main, Gutleutstraße 294;Samstag;2021-07-03;2021-06-29T16:57:04.773592Z
Ohrwürmer Biergarten;1280; Batschkapp;60388 Frankfurt am Main, Gwinnerstraße 5;Samstag;2021-07-03;2021-06-29T16:57:04.773592Z
Buffzack - Kultursommer 2021;1101; Hugenottenhalle;63263 Neu-Isenburg, Frankfurter Straße 152;Samstag;2021-07-03;2021-06-29T16:57:04.773592Z
Die Abenteuer von Petterson und Findus - …;1361; Jahnturnhalle;64521 Groß-Gerau, Jahnstraße;Samstag;2021-07-03;2021-06-29T16:57:04.773592Z
Die Akte Jedermann;1245; Carl-Zuckmayer-Halle;55299 Nackenheim, Lörzweiler Straße 15;Samstag;2021-07-03;2021-06-29T16:57:04.773592Z
Die Fledermaus;1217; Carl-Zuckmayer-Halle;55299 Nackenheim, Lörzweiler Straße 15;Samstag;2021-07-03;2021-06-29T16:57:04.773592Z
Ein Mensch Brennt nach dem gleichnamigen Roman von …;348; Freies Schauspiel Ensemble;60487 Frankfurt am Main, Basaltstraße 23;Samstag;2021-07-03;2021-06-29T16:57:04.773592Z
Erzeugermarkt Konstablerwache;437; Erzeugermarkt Konstablerwache;60313 Frankfurt am Main, Konstablerwache;Samstag;2021-07-03;2021-06-29T16:57:04.773592Z
Gernot Grünewald & Thomas Taube - UN/TRUE;421; Frankfurt LAB;60326 Frankfurt am Main, Schmidtstraße 12;Samstag;2021-07-03;2021-06-29T16:57:04.773592Z
Hafenkino Open Air: May, die dritte Frau (OmU);151; Hafen 2;63067 Offenbach, Nordring 129;Samstag;2021-07-03;2021-06-29T16:57:04.773592Z
Jim Knopf und Lukas der Lokomotivführer;1218; Carl-Zuckmayer-Halle;55299 Nackenheim, Lörzweiler Straße 15;Samstag;2021-07-03;2021-06-29T16:57:04.773592Z
Konzert: Cisco Pema;155; Hafen 2;63067 Offenbach, Nordring 129;Samstag;2021-07-03;2021-06-29T16:57:04.773592Z
Krimidinner - Hochzeit in Schwarz;1239; Carl-Zuckmayer-Halle;55299 Nackenheim, Lörzweiler Straße 15;Samstag;2021-07-03;2021-06-29T16:57:04.773592Z
Latin Summer;97; Latin Palace Changó;60311 Frankfurt, Münchener Straße 57;Samstag;2021-07-03;2021-06-29T16:57:04.773592Z
Ronja Räubertochter;1351; Jahnturnhalle;64521 Groß-Gerau, Jahnstraße;Samstag;2021-07-03;2021-06-29T16:57:04.773592Z
Sister Act;1357; Jahnturnhalle;64521 Groß-Gerau, Jahnstraße;Samstag;2021-07-03;2021-06-29T16:57:04.773592Z
Summer Vintage Kilo Pop Up Store;73; VinoKilo;60232 Frankfurt am Main;Samstag;2021-07-03;2021-06-29T16:57:04.773592Z
The Met Orchestra;1412; Jahnturnhalle;64521 Groß-Gerau, Jahnstraße;Samstag;2021-07-03;2021-06-29T16:57:04.773592Z
Wochenmarkt Bornheim;425; Wochenmarkt Bornheim;60385 Frankfurt am Main, Berger Straße 194;Samstag;2021-07-03;2021-06-29T16:57:04.773592Z
Wochenmarkt und Markthalle Höchst;542; Markthalle und Wochenmarkt Höchst;65929 Frankfurt am Main, Höchster Markt 6;Samstag;2021-07-03;2021-06-29T16:57:04.773592Z
HELLA LUX;151; Künstlerhaus Mousonturm;60316 Frankfurt am Main, Waldschmidtstraße 4;Sonntag;2021-07-04;2021-06-29T16:57:06.283139Z
Sunday Sundowner // Maya DJ;128; Yachtklub;60594 Frankfurt am Main, Deutschherrnufer 12;Sonntag;2021-07-04;2021-06-29T16:57:06.283139Z
Arielle, die kleine Meerjungfrau;1137; Jahnturnhalle;64521 Groß-Gerau, Jahnstraße;Sonntag;2021-07-04;2021-06-29T16:57:06.283139Z
Baden-Baden-Gala;1221; Jahnturnhalle;64521 Groß-Gerau, Jahnstraße;Sonntag;2021-07-04;2021-06-29T16:57:06.283139Z
Der Zauberer von Oz;1164; Jahnturnhalle;64521 Groß-Gerau, Jahnstraße;Sonntag;2021-07-04;2021-06-29T16:57:06.283139Z
Die Abenteuer von Petterson und Findus - …;1165; Jahnturnhalle;64521 Groß-Gerau, Jahnstraße;Sonntag;2021-07-04;2021-06-29T16:57:06.283139Z
Gernot Grünewald & Thomas Taube - UN/TRUE;404; Frankfurt LAB;60326 Frankfurt am Main, Schmidtstraße 12;Sonntag;2021-07-04;2021-06-29T16:57:06.283139Z
Götz Alsmann - L.I.E.B.E.;1024; Carl-Zuckmayer-Halle;55299 Nackenheim, Lörzweiler Straße 15;Sonntag;2021-07-04;2021-06-29T16:57:06.283139Z
Jim Knopf und Lukas der Lokomotivführer;998; Carl-Zuckmayer-Halle;55299 Nackenheim, Lörzweiler Straße 15;Sonntag;2021-07-04;2021-06-29T16:57:06.283139Z
Konzert: Dives, Evelinn Trouble, La Fanfarria del …;136; Hafen 2;63067 Offenbach, Nordring 129;Sonntag;2021-07-04;2021-06-29T16:57:06.283139Z
"Online Tour ""Bunte Götter""";395; Liebieghaus Skulpturensammlung;60596 Frankfurt am Main, Schaumainkai 71;Sonntag;2021-07-04;2021-06-29T16:57:06.283139Z
Riesling Festival;1940; Jahrhunderthalle Sommerwiese;65929 Frankfurt am Main, Pfaffenwiese 301;Sonntag;2021-07-04;2021-06-29T16:57:06.283139Z
Riesling Festival - Sommerwiese Jahrhunderthalle;130; Jahrhunderthalle;65929 Frankfurt am Main, Pfaffenwiese 301;Sonntag;2021-07-04;2021-06-29T16:57:06.283139Z
Ronja Räubertochter;1161; Jahnturnhalle;64521 Groß-Gerau, Jahnstraße;Sonntag;2021-07-04;2021-06-29T16:57:06.283139Z
Sappy Sliver;484; Batschkapp;60388 Frankfurt am Main, Gwinnerstraße 5;Sonntag;2021-07-04;2021-06-29T16:57:06.283139Z
Sister Act;1166; Jahnturnhalle;64521 Groß-Gerau, Jahnstraße;Sonntag;2021-07-04;2021-06-29T16:57:06.283139Z
"So., 04.07., 19 Uhr: ""Impossible Dream"" - Großes …";25; Evangelische Wartburggemeinde;60389 Frankfurt am Main, Hartmann-Ibach-Straße 108;Sonntag;2021-07-04;2021-06-29T16:57:06.283139Z
Traumzeit;1023; Carl-Zuckmayer-Halle;55299 Nackenheim, Lörzweiler Straße 15;Sonntag;2021-07-04;2021-06-29T16:57:06.283139Z
Yoga;57; Yachtklub;60594 Frankfurt am Main, Deutschherrnufer 12;Sonntag;2021-07-04;2021-06-29T16:57:06.283139Z
Stefan Aust - Zeitreise;572; Literaturhaus Frankfurt;60311 Frankfurt, Schöne Aussicht 2;Montag;2021-07-05;2021-06-29T16:57:07.779657Z
Besuchszeit von Felix Mitterer;1056; Carl-Zuckmayer-Halle;55299 Nackenheim, Lörzweiler Straße 15;Dienstag;2021-07-06;2021-06-29T16:57:09.276963Z
Stoned Immaculate;315; Batschkapp;60388 Frankfurt am Main, Gwinnerstraße 5;Dienstag;2021-07-06;2021-06-29T16:57:09.276963Z
Tom Jones - Open Air;1036; Carl-Zuckmayer-Halle;55299 Nackenheim, Lörzweiler Straße 15;Dienstag;2021-07-06;2021-06-29T16:57:09.276963Z
Wochenmarkt Sachsenhausen;295; Wochenmarkt Sachsenhausen;60594 Frankfurt am Main, Diesterwegplatz 50;Dienstag;2021-07-06;2021-06-29T16:57:09.276963Z
Wochenmarkt und Markthalle Höchst;351; Markthalle und Wochenmarkt Höchst;65929 Frankfurt am Main, Höchster Markt 6;Dienstag;2021-07-06;2021-06-29T16:57:09.276963Z
Arielle, die kleine Meerjungfrau;1174; Jahnturnhalle;64521 Groß-Gerau, Jahnstraße;Mittwoch;2021-07-07;2021-06-29T16:57:10.812458Z
Besuchszeit von Felix Mitterer;1067; Carl-Zuckmayer-Halle;55299 Nackenheim, Lörzweiler Straße 15;Mittwoch;2021-07-07;2021-06-29T16:57:10.812458Z
Der Zauberer von Oz;1199; Jahnturnhalle;64521 Groß-Gerau, Jahnstraße;Mittwoch;2021-07-07;2021-06-29T16:57:10.812458Z
Die Abenteuer von Petterson und Findus - …;1203; Jahnturnhalle;64521 Groß-Gerau, Jahnstraße;Mittwoch;2021-07-07;2021-06-29T16:57:10.812458Z
Die Akte Jedermann;1072; Carl-Zuckmayer-Halle;55299 Nackenheim, Lörzweiler Straße 15;Mittwoch;2021-07-07;2021-06-29T16:57:10.812458Z
Juiläums-3-Gang Menü-Package Gutschein;6971; Tigerpalast Varieté Theater;60313 Frankfurt am Main, Heiligkreuzgasse 16;Mittwoch;2021-07-07;2021-06-29T16:57:10.812458Z
Jubiläums-Package 3-Gang Gutschein;5916; Tigerpalast Varieté Theater;60313 Frankfurt am Main, Heiligkreuzgasse 16;Mittwoch;2021-07-07;2021-06-29T16:57:10.812458Z
Jubiläums-Package 4-Gang Gutschein;5888; Tigerpalast Varieté Theater;60313 Frankfurt am Main, Heiligkreuzgasse 16;Mittwoch;2021-07-07;2021-06-29T16:57:10.812458Z
Kennenlernen in Frankfurt mal anders - Socialmatch;140; PLAZZ - Café am Kirchplatz;60487 Frankfurt am Main, Kirchplatz 8;Mittwoch;2021-07-07;2021-06-29T16:57:10.812458Z
Klaus Eckel - Ich werde das Gefühl nicht los;1061; Carl-Zuckmayer-Halle;55299 Nackenheim, Lörzweiler Straße 15;Mittwoch;2021-07-07;2021-06-29T16:57:10.812458Z
L´Aupaire - Brotfabrik Sommerwiese;6009; Jahrhunderthalle;65929 Frankfurt am Main, Pfaffenwiese 301;Mittwoch;2021-07-07;2021-06-29T16:57:10.812458Z
Löwen Frankfurt;400; Löwen Frankfurt;60386 Frankfurt am Main, Am Bornheimer Hang 4;Mittwoch;2021-07-07;2021-06-29T16:57:10.812458Z
Martinsvierteler Markt;500; Riegerplatz;64289 Darmstadt;Mittwoch;2021-07-07;2021-06-29T16:57:10.812458Z
Mate Power;46; Batschkapp;60388 Frankfurt am Main, Gwinnerstraße 5;Mittwoch;2021-07-07;2021-06-29T16:57:10.812458Z
"Online Tour ""Bunte Götter""";308; Liebieghaus Skulpturensammlung;60596 Frankfurt am Main, Schaumainkai 71;Mittwoch;2021-07-07;2021-06-29T16:57:10.812458Z
Sasha;1068; Carl-Zuckmayer-Halle;55299 Nackenheim, Lörzweiler Straße 15;Mittwoch;2021-07-07;2021-06-29T16:57:10.812458Z
Sting - My Songs Tour;1053; Carl-Zuckmayer-Halle;55299 Nackenheim, Lörzweiler Straße 15;Mittwoch;2021-07-07;2021-06-29T16:57:10.812458Z
Wochenmarkt Bornheim;305; Wochenmarkt Bornheim;60385 Frankfurt am Main, Berger Straße 194;Mittwoch;2021-07-07;2021-06-29T16:57:10.812458Z
Wochenmarkt Rödelheim;394; Wochenmarkt Rödelheim;60489 Frankfurt am Main, Arthur-Stern-Platz;Mittwoch;2021-07-07;2021-06-29T16:57:10.812458Z
