parkingFacilityOccupancy,parkingFacilityStatus,parkingFacilityStatusTime,totalNumberOfOccupiedParkingSpaces,totalNumberOfVacantParkingSpaces,totalParkingCapacityLongTermOverride,totalParkingCapacityOverride,totalParkingCapacityShortTermOverride,targetClass,id,version,TIME,TOWN
0.94400895,open,2021-06-23T20:43:00.000+02:00,843,50,0,893,893,ParkingFacility,24277[Börse],1.0,2021-06-23T20:47:01.989+02:00,DE-MDM-Stadt Frankfurt
0.41044775,open,2021-06-23T20:43:00.000+02:00,165,237,0,402,402,ParkingFacility,18944[Alte Oper],1.0,2021-06-23T20:47:01.989+02:00,DE-MDM-Stadt Frankfurt
0.04945055,open,2021-06-23T20:43:00.000+02:00,18,346,0,364,364,ParkingFacility,24281[Hauptbahnhof Süd],1.0,2021-06-23T20:47:01.989+02:00,DE-MDM-Stadt Frankfurt
0.46354166,open,2021-06-23T20:43:00.000+02:00,178,206,0,384,384,ParkingFacility,105479[Baseler Platz],1.0,2021-06-23T20:47:01.989+02:00,DE-MDM-Stadt Frankfurt
0.4326329,open,2021-06-23T20:43:00.000+02:00,350,459,0,809,809,ParkingFacility,24279[Konstabler],1.0,2021-06-23T20:47:01.989+02:00,DE-MDM-Stadt Frankfurt
0.6150235,open,2021-06-23T20:43:00.000+02:00,262,164,0,426,426,ParkingFacility,18497[Hauptwache],1.0,2021-06-23T20:47:01.989+02:00,DE-MDM-Stadt Frankfurt
0.26617646,open,2021-06-23T20:43:00.000+02:00,181,499,0,680,680,ParkingFacility,18495[Am Gericht],1.0,2021-06-23T20:47:01.989+02:00,DE-MDM-Stadt Frankfurt
0.1640625,open,2021-06-23T20:43:00.000+02:00,147,749,75,971,896,ParkingFacility,109240[MyZeil],1.0,2021-06-23T20:47:01.989+02:00,DE-MDM-Stadt Frankfurt
0.0952381,open,2021-06-23T20:43:00.000+02:00,58,551,0,609,609,ParkingFacility,18494[Konrad-Adenauer-Straße],1.0,2021-06-23T20:47:01.989+02:00,DE-MDM-Stadt Frankfurt
0.0,closed,2021-06-23T20:43:00.000+02:00,,475,0,0,0,ParkingFacility,24278[Karstadt],1.0,2021-06-23T20:47:01.989+02:00,DE-MDM-Stadt Frankfurt
0.94400895,open,2021-06-24T16:56:00.000+02:00,843,50,0,893,893,ParkingFacility,24277[Börse],1.0,2021-06-24T16:57:02.698+02:00,DE-MDM-Stadt Frankfurt
0.6492537,open,2021-06-24T16:56:00.000+02:00,261,141,0,402,402,ParkingFacility,18944[Alte Oper],1.0,2021-06-24T16:57:02.698+02:00,DE-MDM-Stadt Frankfurt
0.16483517,open,2021-06-24T16:56:00.000+02:00,60,304,0,364,364,ParkingFacility,24281[Hauptbahnhof Süd],1.0,2021-06-24T16:57:02.698+02:00,DE-MDM-Stadt Frankfurt
0.546875,open,2021-06-24T16:56:00.000+02:00,210,174,0,384,384,ParkingFacility,105479[Baseler Platz],1.0,2021-06-24T16:57:02.698+02:00,DE-MDM-Stadt Frankfurt
0.6588381,open,2021-06-24T16:56:00.000+02:00,533,276,0,809,809,ParkingFacility,24279[Konstabler],1.0,2021-06-24T16:57:02.698+02:00,DE-MDM-Stadt Frankfurt
0.899061,open,2021-06-24T16:56:00.000+02:00,383,43,0,426,426,ParkingFacility,18497[Hauptwache],1.0,2021-06-24T16:57:02.698+02:00,DE-MDM-Stadt Frankfurt
0.44117647,open,2021-06-24T16:56:00.000+02:00,300,380,0,680,680,ParkingFacility,18495[Am Gericht],1.0,2021-06-24T16:57:02.698+02:00,DE-MDM-Stadt Frankfurt
0.30150753,open,2021-06-24T16:56:00.000+02:00,240,556,75,871,796,ParkingFacility,109240[MyZeil],1.0,2021-06-24T16:57:02.698+02:00,DE-MDM-Stadt Frankfurt
0.21510673,open,2021-06-24T16:56:00.000+02:00,131,478,0,609,609,ParkingFacility,18494[Konrad-Adenauer-Straße],1.0,2021-06-24T16:57:02.698+02:00,DE-MDM-Stadt Frankfurt
0.52958155,open,2021-06-24T16:56:00.000+02:00,367,326,0,693,693,ParkingFacility,24278[Karstadt],1.0,2021-06-24T16:57:02.698+02:00,DE-MDM-Stadt Frankfurt
0.94400895,open,2021-06-24T17:31:00.000+02:00,843,50,0,893,893,ParkingFacility,24277[Börse],1.0,2021-06-24T17:32:01.991+02:00,DE-MDM-Stadt Frankfurt
0.619403,open,2021-06-24T17:31:00.000+02:00,249,153,0,402,402,ParkingFacility,18944[Alte Oper],1.0,2021-06-24T17:32:01.991+02:00,DE-MDM-Stadt Frankfurt
0.13461539,open,2021-06-24T17:31:00.000+02:00,49,315,0,364,364,ParkingFacility,24281[Hauptbahnhof Süd],1.0,2021-06-24T17:32:01.991+02:00,DE-MDM-Stadt Frankfurt
0.5104167,open,2021-06-24T17:31:00.000+02:00,196,188,0,384,384,ParkingFacility,105479[Baseler Platz],1.0,2021-06-24T17:32:01.991+02:00,DE-MDM-Stadt Frankfurt
0.6131026,open,2021-06-24T17:31:00.000+02:00,496,313,0,809,809,ParkingFacility,24279[Konstabler],1.0,2021-06-24T17:32:01.991+02:00,DE-MDM-Stadt Frankfurt
0.8685446,open,2021-06-24T17:31:00.000+02:00,370,56,0,426,426,ParkingFacility,18497[Hauptwache],1.0,2021-06-24T17:32:01.991+02:00,DE-MDM-Stadt Frankfurt
0.4117647,open,2021-06-24T17:31:00.000+02:00,280,400,0,680,680,ParkingFacility,18495[Am Gericht],1.0,2021-06-24T17:32:01.991+02:00,DE-MDM-Stadt Frankfurt
0.2851759,open,2021-06-24T17:31:00.000+02:00,227,569,75,871,796,ParkingFacility,109240[MyZeil],1.0,2021-06-24T17:32:01.991+02:00,DE-MDM-Stadt Frankfurt
0.15763547,open,2021-06-24T17:31:00.000+02:00,96,513,0,609,609,ParkingFacility,18494[Konrad-Adenauer-Straße],1.0,2021-06-24T17:32:01.991+02:00,DE-MDM-Stadt Frankfurt
0.4935065,open,2021-06-24T17:31:00.000+02:00,342,351,0,693,693,ParkingFacility,24278[Karstadt],1.0,2021-06-24T17:32:01.991+02:00,DE-MDM-Stadt Frankfurt
0.94400895,open,2021-06-24T17:51:00.000+02:00,843,50,0,893,893,ParkingFacility,24277[Börse],1.0,2021-06-24T17:52:01.707+02:00,DE-MDM-Stadt Frankfurt
0.579602,open,2021-06-24T17:51:00.000+02:00,233,169,0,402,402,ParkingFacility,18944[Alte Oper],1.0,2021-06-24T17:52:01.707+02:00,DE-MDM-Stadt Frankfurt
0.115384616,open,2021-06-24T17:51:00.000+02:00,42,322,0,364,364,ParkingFacility,24281[Hauptbahnhof Süd],1.0,2021-06-24T17:52:01.707+02:00,DE-MDM-Stadt Frankfurt
0.5052083,open,2021-06-24T17:51:00.000+02:00,194,190,0,384,384,ParkingFacility,105479[Baseler Platz],1.0,2021-06-24T17:52:01.707+02:00,DE-MDM-Stadt Frankfurt
0.6044499,open,2021-06-24T17:51:00.000+02:00,489,320,0,809,809,ParkingFacility,24279[Konstabler],1.0,2021-06-24T17:52:01.707+02:00,DE-MDM-Stadt Frankfurt
0.8380282,open,2021-06-24T17:51:00.000+02:00,357,69,0,426,426,ParkingFacility,18497[Hauptwache],1.0,2021-06-24T17:52:01.707+02:00,DE-MDM-Stadt Frankfurt
0.39117646,open,2021-06-24T17:51:00.000+02:00,266,414,0,680,680,ParkingFacility,18495[Am Gericht],1.0,2021-06-24T17:52:01.707+02:00,DE-MDM-Stadt Frankfurt
0.28643215,open,2021-06-24T17:51:00.000+02:00,228,568,75,871,796,ParkingFacility,109240[MyZeil],1.0,2021-06-24T17:52:01.707+02:00,DE-MDM-Stadt Frankfurt
0.14285715,open,2021-06-24T17:51:00.000+02:00,87,522,0,609,609,ParkingFacility,18494[Konrad-Adenauer-Straße],1.0,2021-06-24T17:52:01.707+02:00,DE-MDM-Stadt Frankfurt
0.47474748,open,2021-06-24T17:51:00.000+02:00,329,364,0,693,693,ParkingFacility,24278[Karstadt],1.0,2021-06-24T17:52:01.707+02:00,DE-MDM-Stadt Frankfurt
0.94400895,open,2021-06-24T17:56:00.000+02:00,843,50,0,893,893,ParkingFacility,24277[Börse],1.0,2021-06-24T18:02:02.358+02:00,DE-MDM-Stadt Frankfurt
0.5721393,open,2021-06-24T17:56:00.000+02:00,230,172,0,402,402,ParkingFacility,18944[Alte Oper],1.0,2021-06-24T18:02:02.358+02:00,DE-MDM-Stadt Frankfurt
0.10989011,open,2021-06-24T17:56:00.000+02:00,40,324,0,364,364,ParkingFacility,24281[Hauptbahnhof Süd],1.0,2021-06-24T18:02:02.358+02:00,DE-MDM-Stadt Frankfurt
0.49739584,open,2021-06-24T17:56:00.000+02:00,191,193,0,384,384,ParkingFacility,105479[Baseler Platz],1.0,2021-06-24T18:02:02.358+02:00,DE-MDM-Stadt Frankfurt
0.60692215,open,2021-06-24T17:56:00.000+02:00,491,318,0,809,809,ParkingFacility,24279[Konstabler],1.0,2021-06-24T18:02:02.358+02:00,DE-MDM-Stadt Frankfurt
0.8309859,open,2021-06-24T17:56:00.000+02:00,354,72,0,426,426,ParkingFacility,18497[Hauptwache],1.0,2021-06-24T18:02:02.358+02:00,DE-MDM-Stadt Frankfurt
0.38235295,open,2021-06-24T17:56:00.000+02:00,260,420,0,680,680,ParkingFacility,18495[Am Gericht],1.0,2021-06-24T18:02:02.358+02:00,DE-MDM-Stadt Frankfurt
0.2839196,open,2021-06-24T17:56:00.000+02:00,226,570,75,871,796,ParkingFacility,109240[MyZeil],1.0,2021-06-24T18:02:02.358+02:00,DE-MDM-Stadt Frankfurt
0.13793103,open,2021-06-24T17:56:00.000+02:00,84,525,0,609,609,ParkingFacility,18494[Konrad-Adenauer-Straße],1.0,2021-06-24T18:02:02.358+02:00,DE-MDM-Stadt Frankfurt
0.46608946,open,2021-06-24T17:56:00.000+02:00,323,370,0,693,693,ParkingFacility,24278[Karstadt],1.0,2021-06-24T18:02:02.358+02:00,DE-MDM-Stadt Frankfurt
0.94400895,open,2021-06-24T18:37:00.000+02:00,843,50,0,893,893,ParkingFacility,24277[Börse],1.0,2021-06-24T18:42:00.252+02:00,DE-MDM-Stadt Frankfurt
0.50248754,open,2021-06-24T18:37:00.000+02:00,202,200,0,402,402,ParkingFacility,18944[Alte Oper],1.0,2021-06-24T18:42:00.252+02:00,DE-MDM-Stadt Frankfurt
0.08516484,open,2021-06-24T18:37:00.000+02:00,31,333,0,364,364,ParkingFacility,24281[Hauptbahnhof Süd],1.0,2021-06-24T18:42:00.252+02:00,DE-MDM-Stadt Frankfurt
0.47395834,open,2021-06-24T18:37:00.000+02:00,182,202,0,384,384,ParkingFacility,105479[Baseler Platz],1.0,2021-06-24T18:42:00.252+02:00,DE-MDM-Stadt Frankfurt
0.5512979,open,2021-06-24T18:37:00.000+02:00,446,363,0,809,809,ParkingFacility,24279[Konstabler],1.0,2021-06-24T18:42:00.252+02:00,DE-MDM-Stadt Frankfurt
0.80985916,open,2021-06-24T18:37:00.000+02:00,345,81,0,426,426,ParkingFacility,18497[Hauptwache],1.0,2021-06-24T18:42:00.252+02:00,DE-MDM-Stadt Frankfurt
0.34264705,open,2021-06-24T18:37:00.000+02:00,233,447,0,680,680,ParkingFacility,18495[Am Gericht],1.0,2021-06-24T18:42:00.252+02:00,DE-MDM-Stadt Frankfurt
0.2839196,open,2021-06-24T18:37:00.000+02:00,226,570,75,871,796,ParkingFacility,109240[MyZeil],1.0,2021-06-24T18:42:00.252+02:00,DE-MDM-Stadt Frankfurt
0.12315271,open,2021-06-24T18:37:00.000+02:00,75,534,0,609,609,ParkingFacility,18494[Konrad-Adenauer-Straße],1.0,2021-06-24T18:42:00.252+02:00,DE-MDM-Stadt Frankfurt
0.4054834,open,2021-06-24T18:37:00.000+02:00,281,412,0,693,693,ParkingFacility,24278[Karstadt],1.0,2021-06-24T18:42:00.252+02:00,DE-MDM-Stadt Frankfurt
0.94400895,open,2021-06-24T18:57:00.000+02:00,843,50,0,893,893,ParkingFacility,24277[Börse],1.0,2021-06-24T19:02:01.123+02:00,DE-MDM-Stadt Frankfurt
0.48507464,open,2021-06-24T18:57:00.000+02:00,195,207,0,402,402,ParkingFacility,18944[Alte Oper],1.0,2021-06-24T19:02:01.123+02:00,DE-MDM-Stadt Frankfurt
0.08516484,open,2021-06-24T18:57:00.000+02:00,31,333,0,364,364,ParkingFacility,24281[Hauptbahnhof Süd],1.0,2021-06-24T19:02:01.123+02:00,DE-MDM-Stadt Frankfurt
0.46875,open,2021-06-24T18:57:00.000+02:00,180,204,0,384,384,ParkingFacility,105479[Baseler Platz],1.0,2021-06-24T19:02:01.123+02:00,DE-MDM-Stadt Frankfurt
0.5377009,open,2021-06-24T18:57:00.000+02:00,435,374,0,809,809,ParkingFacility,24279[Konstabler],1.0,2021-06-24T19:02:01.123+02:00,DE-MDM-Stadt Frankfurt
0.7934272,open,2021-06-24T18:57:00.000+02:00,338,88,0,426,426,ParkingFacility,18497[Hauptwache],1.0,2021-06-24T19:02:01.123+02:00,DE-MDM-Stadt Frankfurt
0.33088234,open,2021-06-24T18:57:00.000+02:00,225,455,0,680,680,ParkingFacility,18495[Am Gericht],1.0,2021-06-24T19:02:01.123+02:00,DE-MDM-Stadt Frankfurt
0.2701005,open,2021-06-24T18:57:00.000+02:00,215,581,75,871,796,ParkingFacility,109240[MyZeil],1.0,2021-06-24T19:02:01.123+02:00,DE-MDM-Stadt Frankfurt
0.10837439,open,2021-06-24T18:57:00.000+02:00,66,543,0,609,609,ParkingFacility,18494[Konrad-Adenauer-Straße],1.0,2021-06-24T19:02:01.123+02:00,DE-MDM-Stadt Frankfurt
0.35930735,open,2021-06-24T18:57:00.000+02:00,249,444,0,693,693,ParkingFacility,24278[Karstadt],1.0,2021-06-24T19:02:01.123+02:00,DE-MDM-Stadt Frankfurt
0.94400895,open,2021-06-24T19:28:00.000+02:00,843,50,0,893,893,ParkingFacility,24277[Börse],1.0,2021-06-24T19:32:00.361+02:00,DE-MDM-Stadt Frankfurt
0.460199,open,2021-06-24T19:28:00.000+02:00,185,217,0,402,402,ParkingFacility,18944[Alte Oper],1.0,2021-06-24T19:32:00.361+02:00,DE-MDM-Stadt Frankfurt
0.06043956,open,2021-06-24T19:28:00.000+02:00,22,342,0,364,364,ParkingFacility,24281[Hauptbahnhof Süd],1.0,2021-06-24T19:32:00.361+02:00,DE-MDM-Stadt Frankfurt
0.4609375,open,2021-06-24T19:28:00.000+02:00,177,207,0,384,384,ParkingFacility,105479[Baseler Platz],1.0,2021-06-24T19:32:00.361+02:00,DE-MDM-Stadt Frankfurt
0.46724352,open,2021-06-24T19:28:00.000+02:00,378,431,0,809,809,ParkingFacility,24279[Konstabler],1.0,2021-06-24T19:32:00.361+02:00,DE-MDM-Stadt Frankfurt
0.7206573,open,2021-06-24T19:28:00.000+02:00,307,119,0,426,426,ParkingFacility,18497[Hauptwache],1.0,2021-06-24T19:32:00.361+02:00,DE-MDM-Stadt Frankfurt
0.31764707,open,2021-06-24T19:28:00.000+02:00,216,464,0,680,680,ParkingFacility,18495[Am Gericht],1.0,2021-06-24T19:32:00.361+02:00,DE-MDM-Stadt Frankfurt
0.26758793,open,2021-06-24T19:28:00.000+02:00,213,583,75,871,796,ParkingFacility,109240[MyZeil],1.0,2021-06-24T19:32:00.361+02:00,DE-MDM-Stadt Frankfurt
0.119868636,open,2021-06-24T19:28:00.000+02:00,73,536,0,609,609,ParkingFacility,18494[Konrad-Adenauer-Straße],1.0,2021-06-24T19:32:00.361+02:00,DE-MDM-Stadt Frankfurt
0.3001443,open,2021-06-24T19:28:00.000+02:00,208,485,0,693,693,ParkingFacility,24278[Karstadt],1.0,2021-06-24T19:32:00.361+02:00,DE-MDM-Stadt Frankfurt
0.94400895,open,2021-06-24T19:43:00.000+02:00,843,50,0,893,893,ParkingFacility,24277[Börse],1.0,2021-06-24T19:47:00.382+02:00,DE-MDM-Stadt Frankfurt
0.46517414,open,2021-06-24T19:43:00.000+02:00,187,215,0,402,402,ParkingFacility,18944[Alte Oper],1.0,2021-06-24T19:47:00.382+02:00,DE-MDM-Stadt Frankfurt
0.054945055,open,2021-06-24T19:43:00.000+02:00,20,344,0,364,364,ParkingFacility,24281[Hauptbahnhof Süd],1.0,2021-06-24T19:47:00.382+02:00,DE-MDM-Stadt Frankfurt
0.45572916,open,2021-06-24T19:43:00.000+02:00,175,209,0,384,384,ParkingFacility,105479[Baseler Platz],1.0,2021-06-24T19:47:00.382+02:00,DE-MDM-Stadt Frankfurt
0.45735475,open,2021-06-24T19:43:00.000+02:00,370,439,0,809,809,ParkingFacility,24279[Konstabler],1.0,2021-06-24T19:47:00.382+02:00,DE-MDM-Stadt Frankfurt
0.69953054,open,2021-06-24T19:43:00.000+02:00,298,128,0,426,426,ParkingFacility,18497[Hauptwache],1.0,2021-06-24T19:47:00.382+02:00,DE-MDM-Stadt Frankfurt
0.30147058,open,2021-06-24T19:43:00.000+02:00,205,475,0,680,680,ParkingFacility,18495[Am Gericht],1.0,2021-06-24T19:47:00.382+02:00,DE-MDM-Stadt Frankfurt
0.25251257,open,2021-06-24T19:43:00.000+02:00,201,595,75,871,796,ParkingFacility,109240[MyZeil],1.0,2021-06-24T19:47:00.382+02:00,DE-MDM-Stadt Frankfurt
0.10837439,open,2021-06-24T19:43:00.000+02:00,66,543,0,609,609,ParkingFacility,18494[Konrad-Adenauer-Straße],1.0,2021-06-24T19:47:00.382+02:00,DE-MDM-Stadt Frankfurt
0.0,closed,2021-06-24T19:43:00.000+02:00,,485,0,0,0,ParkingFacility,24278[Karstadt],1.0,2021-06-24T19:47:00.382+02:00,DE-MDM-Stadt Frankfurt
0.94400895,open,2021-06-24T19:48:00.000+02:00,843,50,0,893,893,ParkingFacility,24277[Börse],1.0,2021-06-24T19:52:02.184+02:00,DE-MDM-Stadt Frankfurt
0.46517414,open,2021-06-24T19:48:00.000+02:00,187,215,0,402,402,ParkingFacility,18944[Alte Oper],1.0,2021-06-24T19:52:02.184+02:00,DE-MDM-Stadt Frankfurt
0.054945055,open,2021-06-24T19:48:00.000+02:00,20,344,0,364,364,ParkingFacility,24281[Hauptbahnhof Süd],1.0,2021-06-24T19:52:02.184+02:00,DE-MDM-Stadt Frankfurt
0.45833334,open,2021-06-24T19:48:00.000+02:00,176,208,0,384,384,ParkingFacility,105479[Baseler Platz],1.0,2021-06-24T19:52:02.184+02:00,DE-MDM-Stadt Frankfurt
0.45241037,open,2021-06-24T19:48:00.000+02:00,366,443,0,809,809,ParkingFacility,24279[Konstabler],1.0,2021-06-24T19:52:02.184+02:00,DE-MDM-Stadt Frankfurt
0.69483566,open,2021-06-24T19:48:00.000+02:00,296,130,0,426,426,ParkingFacility,18497[Hauptwache],1.0,2021-06-24T19:52:02.184+02:00,DE-MDM-Stadt Frankfurt
0.3,open,2021-06-24T19:48:00.000+02:00,204,476,0,680,680,ParkingFacility,18495[Am Gericht],1.0,2021-06-24T19:52:02.184+02:00,DE-MDM-Stadt Frankfurt
0.2512563,open,2021-06-24T19:48:00.000+02:00,200,596,75,871,796,ParkingFacility,109240[MyZeil],1.0,2021-06-24T19:52:02.184+02:00,DE-MDM-Stadt Frankfurt
0.10344828,open,2021-06-24T19:48:00.000+02:00,63,546,0,609,609,ParkingFacility,18494[Konrad-Adenauer-Straße],1.0,2021-06-24T19:52:02.184+02:00,DE-MDM-Stadt Frankfurt
0.0,closed,2021-06-24T19:48:00.000+02:00,,485,0,0,0,ParkingFacility,24278[Karstadt],1.0,2021-06-24T19:52:02.184+02:00,DE-MDM-Stadt Frankfurt
0.94400895,open,2021-06-24T20:13:00.000+02:00,843,50,0,893,893,ParkingFacility,24277[Börse],1.0,2021-06-24T20:17:02.021+02:00,DE-MDM-Stadt Frankfurt
0.45273632,open,2021-06-24T20:13:00.000+02:00,182,220,0,402,402,ParkingFacility,18944[Alte Oper],1.0,2021-06-24T20:17:02.021+02:00,DE-MDM-Stadt Frankfurt
0.041208792,open,2021-06-24T20:13:00.000+02:00,15,349,0,364,364,ParkingFacility,24281[Hauptbahnhof Süd],1.0,2021-06-24T20:17:02.021+02:00,DE-MDM-Stadt Frankfurt
0.44270834,open,2021-06-24T20:13:00.000+02:00,170,214,0,384,384,ParkingFacility,105479[Baseler Platz],1.0,2021-06-24T20:17:02.021+02:00,DE-MDM-Stadt Frankfurt
0.38442522,open,2021-06-24T20:13:00.000+02:00,311,498,0,809,809,ParkingFacility,24279[Konstabler],1.0,2021-06-24T20:17:02.021+02:00,DE-MDM-Stadt Frankfurt
0.63849765,open,2021-06-24T20:13:00.000+02:00,272,154,0,426,426,ParkingFacility,18497[Hauptwache],1.0,2021-06-24T20:17:02.021+02:00,DE-MDM-Stadt Frankfurt
0.2882353,open,2021-06-24T20:13:00.000+02:00,196,484,0,680,680,ParkingFacility,18495[Am Gericht],1.0,2021-06-24T20:17:02.021+02:00,DE-MDM-Stadt Frankfurt
0.22613065,open,2021-06-24T20:13:00.000+02:00,180,616,75,871,796,ParkingFacility,109240[MyZeil],1.0,2021-06-24T20:17:02.021+02:00,DE-MDM-Stadt Frankfurt
0.08210181,open,2021-06-24T20:13:00.000+02:00,50,559,0,609,609,ParkingFacility,18494[Konrad-Adenauer-Straße],1.0,2021-06-24T20:17:02.021+02:00,DE-MDM-Stadt Frankfurt
0.0,closed,2021-06-24T20:13:00.000+02:00,,485,0,0,0,ParkingFacility,24278[Karstadt],1.0,2021-06-24T20:17:02.021+02:00,DE-MDM-Stadt Frankfurt
0.94400895,open,2021-06-24T20:39:00.000+02:00,843,50,0,893,893,ParkingFacility,24277[Börse],1.0,2021-06-24T20:42:01.425+02:00,DE-MDM-Stadt Frankfurt
0.43283582,open,2021-06-24T20:39:00.000+02:00,174,228,0,402,402,ParkingFacility,18944[Alte Oper],1.0,2021-06-24T20:42:01.425+02:00,DE-MDM-Stadt Frankfurt
0.032967035,open,2021-06-24T20:39:00.000+02:00,12,352,0,364,364,ParkingFacility,24281[Hauptbahnhof Süd],1.0,2021-06-24T20:42:01.425+02:00,DE-MDM-Stadt Frankfurt
0.44010416,open,2021-06-24T20:39:00.000+02:00,169,215,0,384,384,ParkingFacility,105479[Baseler Platz],1.0,2021-06-24T20:42:01.425+02:00,DE-MDM-Stadt Frankfurt
0.36217552,open,2021-06-24T20:39:00.000+02:00,293,516,0,809,809,ParkingFacility,24279[Konstabler],1.0,2021-06-24T20:42:01.425+02:00,DE-MDM-Stadt Frankfurt
0.6126761,open,2021-06-24T20:39:00.000+02:00,261,165,0,426,426,ParkingFacility,18497[Hauptwache],1.0,2021-06-24T20:42:01.425+02:00,DE-MDM-Stadt Frankfurt
0.26764706,open,2021-06-24T20:39:00.000+02:00,182,498,0,680,680,ParkingFacility,18495[Am Gericht],1.0,2021-06-24T20:42:01.425+02:00,DE-MDM-Stadt Frankfurt
0.21105528,open,2021-06-24T20:39:00.000+02:00,168,628,75,871,796,ParkingFacility,109240[MyZeil],1.0,2021-06-24T20:42:01.425+02:00,DE-MDM-Stadt Frankfurt
0.07224959,open,2021-06-24T20:39:00.000+02:00,44,565,0,609,609,ParkingFacility,18494[Konrad-Adenauer-Straße],1.0,2021-06-24T20:42:01.425+02:00,DE-MDM-Stadt Frankfurt
0.0,closed,2021-06-24T20:39:00.000+02:00,,485,0,0,0,ParkingFacility,24278[Karstadt],1.0,2021-06-24T20:42:01.425+02:00,DE-MDM-Stadt Frankfurt
0.94400895,open,2021-06-24T20:49:00.000+02:00,843,50,0,893,893,ParkingFacility,24277[Börse],1.0,2021-06-24T20:52:02.130+02:00,DE-MDM-Stadt Frankfurt
0.4353234,open,2021-06-24T20:49:00.000+02:00,175,227,0,402,402,ParkingFacility,18944[Alte Oper],1.0,2021-06-24T20:52:02.130+02:00,DE-MDM-Stadt Frankfurt
0.032967035,open,2021-06-24T20:49:00.000+02:00,12,352,0,364,364,ParkingFacility,24281[Hauptbahnhof Süd],1.0,2021-06-24T20:52:02.130+02:00,DE-MDM-Stadt Frankfurt
0.4375,open,2021-06-24T20:49:00.000+02:00,168,216,0,384,384,ParkingFacility,105479[Baseler Platz],1.0,2021-06-24T20:52:02.130+02:00,DE-MDM-Stadt Frankfurt
0.35352287,open,2021-06-24T20:49:00.000+02:00,286,523,0,809,809,ParkingFacility,24279[Konstabler],1.0,2021-06-24T20:52:02.130+02:00,DE-MDM-Stadt Frankfurt
0.59624416,open,2021-06-24T20:49:00.000+02:00,254,172,0,426,426,ParkingFacility,18497[Hauptwache],1.0,2021-06-24T20:52:02.130+02:00,DE-MDM-Stadt Frankfurt
0.25882354,open,2021-06-24T20:49:00.000+02:00,176,504,0,680,680,ParkingFacility,18495[Am Gericht],1.0,2021-06-24T20:52:02.130+02:00,DE-MDM-Stadt Frankfurt
0.20477387,open,2021-06-24T20:49:00.000+02:00,163,633,75,871,796,ParkingFacility,109240[MyZeil],1.0,2021-06-24T20:52:02.130+02:00,DE-MDM-Stadt Frankfurt
0.06896552,open,2021-06-24T20:49:00.000+02:00,42,567,0,609,609,ParkingFacility,18494[Konrad-Adenauer-Straße],1.0,2021-06-24T20:52:02.130+02:00,DE-MDM-Stadt Frankfurt
0.0,closed,2021-06-24T20:49:00.000+02:00,,485,0,0,0,ParkingFacility,24278[Karstadt],1.0,2021-06-24T20:52:02.130+02:00,DE-MDM-Stadt Frankfurt
0.94400895,open,2021-06-24T21:09:00.000+02:00,843,50,0,893,893,ParkingFacility,24277[Börse],1.0,2021-06-24T21:12:01.144+02:00,DE-MDM-Stadt Frankfurt
0.42288557,open,2021-06-24T21:09:00.000+02:00,170,232,0,402,402,ParkingFacility,18944[Alte Oper],1.0,2021-06-24T21:12:01.144+02:00,DE-MDM-Stadt Frankfurt
0.03021978,open,2021-06-24T21:09:00.000+02:00,11,353,0,364,364,ParkingFacility,24281[Hauptbahnhof Süd],1.0,2021-06-24T21:12:01.144+02:00,DE-MDM-Stadt Frankfurt
0.4375,open,2021-06-24T21:09:00.000+02:00,168,216,0,384,384,ParkingFacility,105479[Baseler Platz],1.0,2021-06-24T21:12:01.144+02:00,DE-MDM-Stadt Frankfurt
0.35105067,open,2021-06-24T21:09:00.000+02:00,284,525,0,809,809,ParkingFacility,24279[Konstabler],1.0,2021-06-24T21:12:01.144+02:00,DE-MDM-Stadt Frankfurt
0.58450705,open,2021-06-24T21:09:00.000+02:00,249,177,0,426,426,ParkingFacility,18497[Hauptwache],1.0,2021-06-24T21:12:01.144+02:00,DE-MDM-Stadt Frankfurt
0.24558823,open,2021-06-24T21:09:00.000+02:00,167,513,0,680,680,ParkingFacility,18495[Am Gericht],1.0,2021-06-24T21:12:01.144+02:00,DE-MDM-Stadt Frankfurt
0.20351759,open,2021-06-24T21:09:00.000+02:00,162,634,75,871,796,ParkingFacility,109240[MyZeil],1.0,2021-06-24T21:12:01.144+02:00,DE-MDM-Stadt Frankfurt
0.055829227,open,2021-06-24T21:09:00.000+02:00,34,575,0,609,609,ParkingFacility,18494[Konrad-Adenauer-Straße],1.0,2021-06-24T21:12:01.144+02:00,DE-MDM-Stadt Frankfurt
0.0,closed,2021-06-24T21:09:00.000+02:00,,485,0,0,0,ParkingFacility,24278[Karstadt],1.0,2021-06-24T21:12:01.144+02:00,DE-MDM-Stadt Frankfurt
0.94400895,open,2021-06-24T21:20:00.000+02:00,843,50,0,893,893,ParkingFacility,24277[Börse],1.0,2021-06-24T21:22:02.200+02:00,DE-MDM-Stadt Frankfurt
0.41044775,open,2021-06-24T21:20:00.000+02:00,165,237,0,402,402,ParkingFacility,18944[Alte Oper],1.0,2021-06-24T21:22:02.200+02:00,DE-MDM-Stadt Frankfurt
0.03021978,open,2021-06-24T21:20:00.000+02:00,11,353,0,364,364,ParkingFacility,24281[Hauptbahnhof Süd],1.0,2021-06-24T21:22:02.200+02:00,DE-MDM-Stadt Frankfurt
0.43489584,open,2021-06-24T21:20:00.000+02:00,167,217,0,384,384,ParkingFacility,105479[Baseler Platz],1.0,2021-06-24T21:22:02.200+02:00,DE-MDM-Stadt Frankfurt
0.3461063,open,2021-06-24T21:20:00.000+02:00,280,529,0,809,809,ParkingFacility,24279[Konstabler],1.0,2021-06-24T21:22:02.200+02:00,DE-MDM-Stadt Frankfurt
0.57042253,open,2021-06-24T21:20:00.000+02:00,243,183,0,426,426,ParkingFacility,18497[Hauptwache],1.0,2021-06-24T21:22:02.200+02:00,DE-MDM-Stadt Frankfurt
0.24411765,open,2021-06-24T21:20:00.000+02:00,166,514,0,680,680,ParkingFacility,18495[Am Gericht],1.0,2021-06-24T21:22:02.200+02:00,DE-MDM-Stadt Frankfurt
0.19974874,open,2021-06-24T21:20:00.000+02:00,159,637,75,871,796,ParkingFacility,109240[MyZeil],1.0,2021-06-24T21:22:02.200+02:00,DE-MDM-Stadt Frankfurt
0.055829227,open,2021-06-24T21:20:00.000+02:00,34,575,0,609,609,ParkingFacility,18494[Konrad-Adenauer-Straße],1.0,2021-06-24T21:22:02.200+02:00,DE-MDM-Stadt Frankfurt
0.0,closed,2021-06-24T21:20:00.000+02:00,,485,0,0,0,ParkingFacility,24278[Karstadt],1.0,2021-06-24T21:22:02.200+02:00,DE-MDM-Stadt Frankfurt
0.94400895,open,2021-06-24T21:30:00.000+02:00,843,50,0,893,893,ParkingFacility,24277[Börse],1.0,2021-06-24T21:32:02.755+02:00,DE-MDM-Stadt Frankfurt
0.40298507,open,2021-06-24T21:30:00.000+02:00,162,240,0,402,402,ParkingFacility,18944[Alte Oper],1.0,2021-06-24T21:32:02.755+02:00,DE-MDM-Stadt Frankfurt
0.027472528,open,2021-06-24T21:30:00.000+02:00,10,354,0,364,364,ParkingFacility,24281[Hauptbahnhof Süd],1.0,2021-06-24T21:32:02.755+02:00,DE-MDM-Stadt Frankfurt
0.43489584,open,2021-06-24T21:30:00.000+02:00,167,217,0,384,384,ParkingFacility,105479[Baseler Platz],1.0,2021-06-24T21:32:02.755+02:00,DE-MDM-Stadt Frankfurt
0.33992583,open,2021-06-24T21:30:00.000+02:00,275,534,0,809,809,ParkingFacility,24279[Konstabler],1.0,2021-06-24T21:32:02.755+02:00,DE-MDM-Stadt Frankfurt
0.556338,open,2021-06-24T21:30:00.000+02:00,237,189,0,426,426,ParkingFacility,18497[Hauptwache],1.0,2021-06-24T21:32:02.755+02:00,DE-MDM-Stadt Frankfurt
0.24411765,open,2021-06-24T21:30:00.000+02:00,166,514,0,680,680,ParkingFacility,18495[Am Gericht],1.0,2021-06-24T21:32:02.755+02:00,DE-MDM-Stadt Frankfurt
0.19723618,open,2021-06-24T21:30:00.000+02:00,157,639,75,871,796,ParkingFacility,109240[MyZeil],1.0,2021-06-24T21:32:02.755+02:00,DE-MDM-Stadt Frankfurt
0.052545156,open,2021-06-24T21:30:00.000+02:00,32,577,0,609,609,ParkingFacility,18494[Konrad-Adenauer-Straße],1.0,2021-06-24T21:32:02.755+02:00,DE-MDM-Stadt Frankfurt
0.0,closed,2021-06-24T21:30:00.000+02:00,,485,0,0,0,ParkingFacility,24278[Karstadt],1.0,2021-06-24T21:32:02.755+02:00,DE-MDM-Stadt Frankfurt
0.94400895,open,2021-06-24T21:40:00.000+02:00,843,50,0,893,893,ParkingFacility,24277[Börse],1.0,2021-06-24T21:42:01.070+02:00,DE-MDM-Stadt Frankfurt
0.3880597,open,2021-06-24T21:40:00.000+02:00,156,246,0,402,402,ParkingFacility,18944[Alte Oper],1.0,2021-06-24T21:42:01.070+02:00,DE-MDM-Stadt Frankfurt
0.021978023,open,2021-06-24T21:40:00.000+02:00,8,356,0,364,364,ParkingFacility,24281[Hauptbahnhof Süd],1.0,2021-06-24T21:42:01.070+02:00,DE-MDM-Stadt Frankfurt
0.43489584,open,2021-06-24T21:40:00.000+02:00,167,217,0,384,384,ParkingFacility,105479[Baseler Platz],1.0,2021-06-24T21:42:01.070+02:00,DE-MDM-Stadt Frankfurt
0.33498147,open,2021-06-24T21:40:00.000+02:00,271,538,0,809,809,ParkingFacility,24279[Konstabler],1.0,2021-06-24T21:42:01.070+02:00,DE-MDM-Stadt Frankfurt
0.5516432,open,2021-06-24T21:40:00.000+02:00,235,191,0,426,426,ParkingFacility,18497[Hauptwache],1.0,2021-06-24T21:42:01.070+02:00,DE-MDM-Stadt Frankfurt
0.24117647,open,2021-06-24T21:40:00.000+02:00,164,516,0,680,680,ParkingFacility,18495[Am Gericht],1.0,2021-06-24T21:42:01.070+02:00,DE-MDM-Stadt Frankfurt
0.19472362,open,2021-06-24T21:40:00.000+02:00,155,641,75,871,796,ParkingFacility,109240[MyZeil],1.0,2021-06-24T21:42:01.070+02:00,DE-MDM-Stadt Frankfurt
0.05090312,open,2021-06-24T21:40:00.000+02:00,31,578,0,609,609,ParkingFacility,18494[Konrad-Adenauer-Straße],1.0,2021-06-24T21:42:01.070+02:00,DE-MDM-Stadt Frankfurt
0.0,closed,2021-06-24T21:40:00.000+02:00,,485,0,0,0,ParkingFacility,24278[Karstadt],1.0,2021-06-24T21:42:01.070+02:00,DE-MDM-Stadt Frankfurt
0.94400895,open,2021-06-24T21:50:00.000+02:00,843,50,0,893,893,ParkingFacility,24277[Börse],1.0,2021-06-24T21:52:02.471+02:00,DE-MDM-Stadt Frankfurt
0.37810946,open,2021-06-24T21:50:00.000+02:00,152,250,0,402,402,ParkingFacility,18944[Alte Oper],1.0,2021-06-24T21:52:02.471+02:00,DE-MDM-Stadt Frankfurt
0.027472528,open,2021-06-24T21:50:00.000+02:00,10,354,0,364,364,ParkingFacility,24281[Hauptbahnhof Süd],1.0,2021-06-24T21:52:02.471+02:00,DE-MDM-Stadt Frankfurt
0.43489584,open,2021-06-24T21:50:00.000+02:00,167,217,0,384,384,ParkingFacility,105479[Baseler Platz],1.0,2021-06-24T21:52:02.471+02:00,DE-MDM-Stadt Frankfurt
0.32880098,open,2021-06-24T21:50:00.000+02:00,266,543,0,809,809,ParkingFacility,24279[Konstabler],1.0,2021-06-24T21:52:02.471+02:00,DE-MDM-Stadt Frankfurt
0.5492958,open,2021-06-24T21:50:00.000+02:00,234,192,0,426,426,ParkingFacility,18497[Hauptwache],1.0,2021-06-24T21:52:02.471+02:00,DE-MDM-Stadt Frankfurt
0.2382353,open,2021-06-24T21:50:00.000+02:00,162,518,0,680,680,ParkingFacility,18495[Am Gericht],1.0,2021-06-24T21:52:02.471+02:00,DE-MDM-Stadt Frankfurt
0.19472362,open,2021-06-24T21:50:00.000+02:00,155,641,75,871,796,ParkingFacility,109240[MyZeil],1.0,2021-06-24T21:52:02.471+02:00,DE-MDM-Stadt Frankfurt
0.05090312,open,2021-06-24T21:50:00.000+02:00,31,578,0,609,609,ParkingFacility,18494[Konrad-Adenauer-Straße],1.0,2021-06-24T21:52:02.471+02:00,DE-MDM-Stadt Frankfurt
0.0,closed,2021-06-24T21:50:00.000+02:00,,485,0,0,0,ParkingFacility,24278[Karstadt],1.0,2021-06-24T21:52:02.471+02:00,DE-MDM-Stadt Frankfurt
0.94400895,open,2021-06-24T22:00:00.000+02:00,843,50,0,893,893,ParkingFacility,24277[Börse],1.0,2021-06-24T22:02:00.723+02:00,DE-MDM-Stadt Frankfurt
0.36567163,open,2021-06-24T22:00:00.000+02:00,147,255,0,402,402,ParkingFacility,18944[Alte Oper],1.0,2021-06-24T22:02:00.723+02:00,DE-MDM-Stadt Frankfurt
0.027472528,open,2021-06-24T22:00:00.000+02:00,10,354,0,364,364,ParkingFacility,24281[Hauptbahnhof Süd],1.0,2021-06-24T22:02:00.723+02:00,DE-MDM-Stadt Frankfurt
0.43229166,open,2021-06-24T22:00:00.000+02:00,166,218,0,384,384,ParkingFacility,105479[Baseler Platz],1.0,2021-06-24T22:02:00.723+02:00,DE-MDM-Stadt Frankfurt
0.32385662,open,2021-06-24T22:00:00.000+02:00,262,547,0,809,809,ParkingFacility,24279[Konstabler],1.0,2021-06-24T22:02:00.723+02:00,DE-MDM-Stadt Frankfurt
0.5422535,open,2021-06-24T22:00:00.000+02:00,231,195,0,426,426,ParkingFacility,18497[Hauptwache],1.0,2021-06-24T22:02:00.723+02:00,DE-MDM-Stadt Frankfurt
0.23529412,open,2021-06-24T22:00:00.000+02:00,160,520,0,680,680,ParkingFacility,18495[Am Gericht],1.0,2021-06-24T22:02:00.723+02:00,DE-MDM-Stadt Frankfurt
0.19221106,open,2021-06-24T22:00:00.000+02:00,153,643,75,871,796,ParkingFacility,109240[MyZeil],1.0,2021-06-24T22:02:00.723+02:00,DE-MDM-Stadt Frankfurt
0.049261082,open,2021-06-24T22:00:00.000+02:00,30,579,0,609,609,ParkingFacility,18494[Konrad-Adenauer-Straße],1.0,2021-06-24T22:02:00.723+02:00,DE-MDM-Stadt Frankfurt
0.0,closed,2021-06-24T22:00:00.000+02:00,,485,0,0,0,ParkingFacility,24278[Karstadt],1.0,2021-06-24T22:02:00.723+02:00,DE-MDM-Stadt Frankfurt
0.94400895,open,2021-06-24T22:21:00.000+02:00,843,50,0,893,893,ParkingFacility,24277[Börse],1.0,2021-06-24T22:22:01.564+02:00,DE-MDM-Stadt Frankfurt
0.35074627,open,2021-06-24T22:21:00.000+02:00,141,261,0,402,402,ParkingFacility,18944[Alte Oper],1.0,2021-06-24T22:22:01.564+02:00,DE-MDM-Stadt Frankfurt
0.027472528,open,2021-06-24T22:21:00.000+02:00,10,354,0,364,364,ParkingFacility,24281[Hauptbahnhof Süd],1.0,2021-06-24T22:22:01.564+02:00,DE-MDM-Stadt Frankfurt
0.43489584,open,2021-06-24T22:21:00.000+02:00,167,217,0,384,384,ParkingFacility,105479[Baseler Platz],1.0,2021-06-24T22:22:01.564+02:00,DE-MDM-Stadt Frankfurt
0.31149566,open,2021-06-24T22:21:00.000+02:00,252,557,0,809,809,ParkingFacility,24279[Konstabler],1.0,2021-06-24T22:22:01.564+02:00,DE-MDM-Stadt Frankfurt
0.53521127,open,2021-06-24T22:21:00.000+02:00,228,198,0,426,426,ParkingFacility,18497[Hauptwache],1.0,2021-06-24T22:22:01.564+02:00,DE-MDM-Stadt Frankfurt
0.23235294,open,2021-06-24T22:21:00.000+02:00,158,522,0,680,680,ParkingFacility,18495[Am Gericht],1.0,2021-06-24T22:22:01.564+02:00,DE-MDM-Stadt Frankfurt
0.18718593,open,2021-06-24T22:21:00.000+02:00,149,647,75,871,796,ParkingFacility,109240[MyZeil],1.0,2021-06-24T22:22:01.564+02:00,DE-MDM-Stadt Frankfurt
0.04761905,open,2021-06-24T22:21:00.000+02:00,29,580,0,609,609,ParkingFacility,18494[Konrad-Adenauer-Straße],1.0,2021-06-24T22:22:01.564+02:00,DE-MDM-Stadt Frankfurt
0.0,closed,2021-06-24T22:21:00.000+02:00,,485,0,0,0,ParkingFacility,24278[Karstadt],1.0,2021-06-24T22:22:01.564+02:00,DE-MDM-Stadt Frankfurt
0.94400895,open,2021-06-24T22:31:00.000+02:00,843,50,0,893,893,ParkingFacility,24277[Börse],1.0,2021-06-24T22:32:00.913+02:00,DE-MDM-Stadt Frankfurt
0.33582088,open,2021-06-24T22:31:00.000+02:00,135,267,0,402,402,ParkingFacility,18944[Alte Oper],1.0,2021-06-24T22:32:00.913+02:00,DE-MDM-Stadt Frankfurt
0.027472528,open,2021-06-24T22:31:00.000+02:00,10,354,0,364,364,ParkingFacility,24281[Hauptbahnhof Süd],1.0,2021-06-24T22:32:00.913+02:00,DE-MDM-Stadt Frankfurt
0.43229166,open,2021-06-24T22:31:00.000+02:00,166,218,0,384,384,ParkingFacility,105479[Baseler Platz],1.0,2021-06-24T22:32:00.913+02:00,DE-MDM-Stadt Frankfurt
0.3065513,open,2021-06-24T22:31:00.000+02:00,248,561,0,809,809,ParkingFacility,24279[Konstabler],1.0,2021-06-24T22:32:00.913+02:00,DE-MDM-Stadt Frankfurt
0.52112675,open,2021-06-24T22:31:00.000+02:00,222,204,0,426,426,ParkingFacility,18497[Hauptwache],1.0,2021-06-24T22:32:00.913+02:00,DE-MDM-Stadt Frankfurt
0.23382352,open,2021-06-24T22:31:00.000+02:00,159,521,0,680,680,ParkingFacility,18495[Am Gericht],1.0,2021-06-24T22:32:00.913+02:00,DE-MDM-Stadt Frankfurt
0.18718593,open,2021-06-24T22:31:00.000+02:00,149,647,75,871,796,ParkingFacility,109240[MyZeil],1.0,2021-06-24T22:32:00.913+02:00,DE-MDM-Stadt Frankfurt
0.044334974,open,2021-06-24T22:31:00.000+02:00,27,582,0,609,609,ParkingFacility,18494[Konrad-Adenauer-Straße],1.0,2021-06-24T22:32:00.913+02:00,DE-MDM-Stadt Frankfurt
0.0,closed,2021-06-24T22:31:00.000+02:00,,485,0,0,0,ParkingFacility,24278[Karstadt],1.0,2021-06-24T22:32:00.913+02:00,DE-MDM-Stadt Frankfurt
0.94400895,open,2021-06-24T22:41:00.000+02:00,843,50,0,893,893,ParkingFacility,24277[Börse],1.0,2021-06-24T22:42:00.583+02:00,DE-MDM-Stadt Frankfurt
0.33084577,open,2021-06-24T22:41:00.000+02:00,133,269,0,402,402,ParkingFacility,18944[Alte Oper],1.0,2021-06-24T22:42:00.583+02:00,DE-MDM-Stadt Frankfurt
0.024725275,open,2021-06-24T22:41:00.000+02:00,9,355,0,364,364,ParkingFacility,24281[Hauptbahnhof Süd],1.0,2021-06-24T22:42:00.583+02:00,DE-MDM-Stadt Frankfurt
0.43229166,open,2021-06-24T22:41:00.000+02:00,166,218,0,384,384,ParkingFacility,105479[Baseler Platz],1.0,2021-06-24T22:42:00.583+02:00,DE-MDM-Stadt Frankfurt
0.302843,open,2021-06-24T22:41:00.000+02:00,245,564,0,809,809,ParkingFacility,24279[Konstabler],1.0,2021-06-24T22:42:00.583+02:00,DE-MDM-Stadt Frankfurt
0.52112675,open,2021-06-24T22:41:00.000+02:00,222,204,0,426,426,ParkingFacility,18497[Hauptwache],1.0,2021-06-24T22:42:00.583+02:00,DE-MDM-Stadt Frankfurt
0.23382352,open,2021-06-24T22:41:00.000+02:00,159,521,0,680,680,ParkingFacility,18495[Am Gericht],1.0,2021-06-24T22:42:00.583+02:00,DE-MDM-Stadt Frankfurt
0.18718593,open,2021-06-24T22:41:00.000+02:00,149,647,75,871,796,ParkingFacility,109240[MyZeil],1.0,2021-06-24T22:42:00.583+02:00,DE-MDM-Stadt Frankfurt
0.04269294,open,2021-06-24T22:41:00.000+02:00,26,583,0,609,609,ParkingFacility,18494[Konrad-Adenauer-Straße],1.0,2021-06-24T22:42:00.583+02:00,DE-MDM-Stadt Frankfurt
0.0,closed,2021-06-24T22:41:00.000+02:00,,485,0,0,0,ParkingFacility,24278[Karstadt],1.0,2021-06-24T22:42:00.583+02:00,DE-MDM-Stadt Frankfurt
0.94400895,open,2021-06-24T22:46:00.000+02:00,843,50,0,893,893,ParkingFacility,24277[Börse],1.0,2021-06-24T22:52:00.596+02:00,DE-MDM-Stadt Frankfurt
0.32587063,open,2021-06-24T22:46:00.000+02:00,131,271,0,402,402,ParkingFacility,18944[Alte Oper],1.0,2021-06-24T22:52:00.596+02:00,DE-MDM-Stadt Frankfurt
0.021978023,open,2021-06-24T22:46:00.000+02:00,8,356,0,364,364,ParkingFacility,24281[Hauptbahnhof Süd],1.0,2021-06-24T22:52:00.596+02:00,DE-MDM-Stadt Frankfurt
0.43229166,open,2021-06-24T22:46:00.000+02:00,166,218,0,384,384,ParkingFacility,105479[Baseler Platz],1.0,2021-06-24T22:52:00.596+02:00,DE-MDM-Stadt Frankfurt
0.30160692,open,2021-06-24T22:46:00.000+02:00,244,565,0,809,809,ParkingFacility,24279[Konstabler],1.0,2021-06-24T22:52:00.596+02:00,DE-MDM-Stadt Frankfurt
0.52112675,open,2021-06-24T22:46:00.000+02:00,222,204,0,426,426,ParkingFacility,18497[Hauptwache],1.0,2021-06-24T22:52:00.596+02:00,DE-MDM-Stadt Frankfurt
0.23382352,open,2021-06-24T22:46:00.000+02:00,159,521,0,680,680,ParkingFacility,18495[Am Gericht],1.0,2021-06-24T22:52:00.596+02:00,DE-MDM-Stadt Frankfurt
0.18718593,open,2021-06-24T22:46:00.000+02:00,149,647,75,871,796,ParkingFacility,109240[MyZeil],1.0,2021-06-24T22:52:00.596+02:00,DE-MDM-Stadt Frankfurt
0.039408866,open,2021-06-24T22:46:00.000+02:00,24,585,0,609,609,ParkingFacility,18494[Konrad-Adenauer-Straße],1.0,2021-06-24T22:52:00.596+02:00,DE-MDM-Stadt Frankfurt
0.0,closed,2021-06-24T22:46:00.000+02:00,,485,0,0,0,ParkingFacility,24278[Karstadt],1.0,2021-06-24T22:52:00.596+02:00,DE-MDM-Stadt Frankfurt
0.94400895,open,2021-06-24T22:51:00.000+02:00,843,50,0,893,893,ParkingFacility,24277[Börse],1.0,2021-06-24T22:57:02.692+02:00,DE-MDM-Stadt Frankfurt
0.3233831,open,2021-06-24T22:51:00.000+02:00,130,272,0,402,402,ParkingFacility,18944[Alte Oper],1.0,2021-06-24T22:57:02.692+02:00,DE-MDM-Stadt Frankfurt
0.024725275,open,2021-06-24T22:51:00.000+02:00,9,355,0,364,364,ParkingFacility,24281[Hauptbahnhof Süd],1.0,2021-06-24T22:57:02.692+02:00,DE-MDM-Stadt Frankfurt
0.43229166,open,2021-06-24T22:51:00.000+02:00,166,218,0,384,384,ParkingFacility,105479[Baseler Platz],1.0,2021-06-24T22:57:02.692+02:00,DE-MDM-Stadt Frankfurt
0.29913473,open,2021-06-24T22:51:00.000+02:00,242,567,0,809,809,ParkingFacility,24279[Konstabler],1.0,2021-06-24T22:57:02.692+02:00,DE-MDM-Stadt Frankfurt
0.51877934,open,2021-06-24T22:51:00.000+02:00,221,205,0,426,426,ParkingFacility,18497[Hauptwache],1.0,2021-06-24T22:57:02.692+02:00,DE-MDM-Stadt Frankfurt
0.23382352,open,2021-06-24T22:51:00.000+02:00,159,521,0,680,680,ParkingFacility,18495[Am Gericht],1.0,2021-06-24T22:57:02.692+02:00,DE-MDM-Stadt Frankfurt
0.18718593,open,2021-06-24T22:51:00.000+02:00,149,647,75,871,796,ParkingFacility,109240[MyZeil],1.0,2021-06-24T22:57:02.692+02:00,DE-MDM-Stadt Frankfurt
0.03776683,open,2021-06-24T22:51:00.000+02:00,23,586,0,609,609,ParkingFacility,18494[Konrad-Adenauer-Straße],1.0,2021-06-24T22:57:02.692+02:00,DE-MDM-Stadt Frankfurt
0.0,closed,2021-06-24T22:51:00.000+02:00,,485,0,0,0,ParkingFacility,24278[Karstadt],1.0,2021-06-24T22:57:02.692+02:00,DE-MDM-Stadt Frankfurt
0.94400895,open,2021-06-24T23:17:00.000+02:00,843,50,0,893,893,ParkingFacility,24277[Börse],1.0,2021-06-24T23:22:01.273+02:00,DE-MDM-Stadt Frankfurt
0.31094527,open,2021-06-24T23:17:00.000+02:00,125,277,0,402,402,ParkingFacility,18944[Alte Oper],1.0,2021-06-24T23:22:01.273+02:00,DE-MDM-Stadt Frankfurt
0.024725275,open,2021-06-24T23:17:00.000+02:00,9,355,0,364,364,ParkingFacility,24281[Hauptbahnhof Süd],1.0,2021-06-24T23:22:01.273+02:00,DE-MDM-Stadt Frankfurt
0.4375,open,2021-06-24T23:17:00.000+02:00,168,216,0,384,384,ParkingFacility,105479[Baseler Platz],1.0,2021-06-24T23:22:01.273+02:00,DE-MDM-Stadt Frankfurt
0.28800988,open,2021-06-24T23:17:00.000+02:00,233,576,0,809,809,ParkingFacility,24279[Konstabler],1.0,2021-06-24T23:22:01.273+02:00,DE-MDM-Stadt Frankfurt
0.5093897,open,2021-06-24T23:17:00.000+02:00,217,209,0,426,426,ParkingFacility,18497[Hauptwache],1.0,2021-06-24T23:22:01.273+02:00,DE-MDM-Stadt Frankfurt
0.23235294,open,2021-06-24T23:17:00.000+02:00,158,522,0,680,680,ParkingFacility,18495[Am Gericht],1.0,2021-06-24T23:22:01.273+02:00,DE-MDM-Stadt Frankfurt
0.027914613,open,2021-06-24T23:17:00.000+02:00,17,592,0,609,609,ParkingFacility,18494[Konrad-Adenauer-Straße],1.0,2021-06-24T23:22:01.273+02:00,DE-MDM-Stadt Frankfurt
0.0,closed,2021-06-24T23:17:00.000+02:00,,485,0,0,0,ParkingFacility,24278[Karstadt],1.0,2021-06-24T23:22:01.273+02:00,DE-MDM-Stadt Frankfurt
0.94400895,open,2021-06-24T23:38:00.000+02:00,843,50,0,893,893,ParkingFacility,24277[Börse],1.0,2021-06-24T23:42:01.093+02:00,DE-MDM-Stadt Frankfurt
0.29850745,open,2021-06-24T23:38:00.000+02:00,120,282,0,402,402,ParkingFacility,18944[Alte Oper],1.0,2021-06-24T23:42:01.093+02:00,DE-MDM-Stadt Frankfurt
0.024725275,open,2021-06-24T23:38:00.000+02:00,9,355,0,364,364,ParkingFacility,24281[Hauptbahnhof Süd],1.0,2021-06-24T23:42:01.093+02:00,DE-MDM-Stadt Frankfurt
0.43489584,open,2021-06-24T23:38:00.000+02:00,167,217,0,384,384,ParkingFacility,105479[Baseler Platz],1.0,2021-06-24T23:42:01.093+02:00,DE-MDM-Stadt Frankfurt
0.2855377,open,2021-06-24T23:38:00.000+02:00,231,578,0,809,809,ParkingFacility,24279[Konstabler],1.0,2021-06-24T23:42:01.093+02:00,DE-MDM-Stadt Frankfurt
0.5046948,open,2021-06-24T23:38:00.000+02:00,215,211,0,426,426,ParkingFacility,18497[Hauptwache],1.0,2021-06-24T23:42:01.093+02:00,DE-MDM-Stadt Frankfurt
0.23235294,open,2021-06-24T23:38:00.000+02:00,158,522,0,680,680,ParkingFacility,18495[Am Gericht],1.0,2021-06-24T23:42:01.093+02:00,DE-MDM-Stadt Frankfurt
0.18467337,open,2021-06-24T23:38:00.000+02:00,147,649,75,871,796,ParkingFacility,109240[MyZeil],1.0,2021-06-24T23:42:01.093+02:00,DE-MDM-Stadt Frankfurt
0.031198686,open,2021-06-24T23:38:00.000+02:00,19,590,0,609,609,ParkingFacility,18494[Konrad-Adenauer-Straße],1.0,2021-06-24T23:42:01.093+02:00,DE-MDM-Stadt Frankfurt
0.0,closed,2021-06-24T23:38:00.000+02:00,,485,0,0,0,ParkingFacility,24278[Karstadt],1.0,2021-06-24T23:42:01.093+02:00,DE-MDM-Stadt Frankfurt
0.94400895,open,2021-06-24T23:48:00.000+02:00,843,50,0,893,893,ParkingFacility,24277[Börse],1.0,2021-06-24T23:52:01.582+02:00,DE-MDM-Stadt Frankfurt
0.29353234,open,2021-06-24T23:48:00.000+02:00,118,284,0,402,402,ParkingFacility,18944[Alte Oper],1.0,2021-06-24T23:52:01.582+02:00,DE-MDM-Stadt Frankfurt
0.024725275,open,2021-06-24T23:48:00.000+02:00,9,355,0,364,364,ParkingFacility,24281[Hauptbahnhof Süd],1.0,2021-06-24T23:52:01.582+02:00,DE-MDM-Stadt Frankfurt
0.43489584,open,2021-06-24T23:48:00.000+02:00,167,217,0,384,384,ParkingFacility,105479[Baseler Platz],1.0,2021-06-24T23:52:01.582+02:00,DE-MDM-Stadt Frankfurt
0.28182942,open,2021-06-24T23:48:00.000+02:00,228,581,0,809,809,ParkingFacility,24279[Konstabler],1.0,2021-06-24T23:52:01.582+02:00,DE-MDM-Stadt Frankfurt
0.5023474,open,2021-06-24T23:48:00.000+02:00,214,212,0,426,426,ParkingFacility,18497[Hauptwache],1.0,2021-06-24T23:52:01.582+02:00,DE-MDM-Stadt Frankfurt
0.23088235,open,2021-06-24T23:48:00.000+02:00,157,523,0,680,680,ParkingFacility,18495[Am Gericht],1.0,2021-06-24T23:52:01.582+02:00,DE-MDM-Stadt Frankfurt
0.18216081,open,2021-06-24T23:48:00.000+02:00,145,651,75,871,796,ParkingFacility,109240[MyZeil],1.0,2021-06-24T23:52:01.582+02:00,DE-MDM-Stadt Frankfurt
0.031198686,open,2021-06-24T23:48:00.000+02:00,19,590,0,609,609,ParkingFacility,18494[Konrad-Adenauer-Straße],1.0,2021-06-24T23:52:01.582+02:00,DE-MDM-Stadt Frankfurt
0.0,closed,2021-06-24T23:48:00.000+02:00,,485,0,0,0,ParkingFacility,24278[Karstadt],1.0,2021-06-24T23:52:01.582+02:00,DE-MDM-Stadt Frankfurt
0.94400895,open,2021-06-25T00:29:00.000+02:00,843,50,0,893,893,ParkingFacility,24277[Börse],1.0,2021-06-25T00:32:00.767+02:00,DE-MDM-Stadt Frankfurt
0.27114427,open,2021-06-25T00:29:00.000+02:00,109,293,0,402,402,ParkingFacility,18944[Alte Oper],1.0,2021-06-25T00:32:00.767+02:00,DE-MDM-Stadt Frankfurt
0.027472528,open,2021-06-25T00:29:00.000+02:00,10,354,0,364,364,ParkingFacility,24281[Hauptbahnhof Süd],1.0,2021-06-25T00:32:00.767+02:00,DE-MDM-Stadt Frankfurt
0.42708334,open,2021-06-25T00:29:00.000+02:00,164,220,0,384,384,ParkingFacility,105479[Baseler Platz],1.0,2021-06-25T00:32:00.767+02:00,DE-MDM-Stadt Frankfurt
0.27812114,open,2021-06-25T00:29:00.000+02:00,225,584,0,809,809,ParkingFacility,24279[Konstabler],1.0,2021-06-25T00:32:00.767+02:00,DE-MDM-Stadt Frankfurt
0.49061033,open,2021-06-25T00:29:00.000+02:00,209,217,0,426,426,ParkingFacility,18497[Hauptwache],1.0,2021-06-25T00:32:00.767+02:00,DE-MDM-Stadt Frankfurt
0.0,closed,2021-06-25T00:29:00.000+02:00,,523,0,0,0,ParkingFacility,18495[Am Gericht],1.0,2021-06-25T00:32:00.767+02:00,DE-MDM-Stadt Frankfurt
0.18216081,open,2021-06-25T00:29:00.000+02:00,145,651,75,871,796,ParkingFacility,109240[MyZeil],1.0,2021-06-25T00:32:00.767+02:00,DE-MDM-Stadt Frankfurt
0.031198686,open,2021-06-25T00:29:00.000+02:00,19,590,0,609,609,ParkingFacility,18494[Konrad-Adenauer-Straße],1.0,2021-06-25T00:32:00.767+02:00,DE-MDM-Stadt Frankfurt
0.0,closed,2021-06-25T00:29:00.000+02:00,,485,0,0,0,ParkingFacility,24278[Karstadt],1.0,2021-06-25T00:32:00.767+02:00,DE-MDM-Stadt Frankfurt
0.94400895,open,2021-06-25T00:39:00.000+02:00,843,50,0,893,893,ParkingFacility,24277[Börse],1.0,2021-06-25T00:42:01.739+02:00,DE-MDM-Stadt Frankfurt
0.26119402,open,2021-06-25T00:39:00.000+02:00,105,297,0,402,402,ParkingFacility,18944[Alte Oper],1.0,2021-06-25T00:42:01.739+02:00,DE-MDM-Stadt Frankfurt
0.027472528,open,2021-06-25T00:39:00.000+02:00,10,354,0,364,364,ParkingFacility,24281[Hauptbahnhof Süd],1.0,2021-06-25T00:42:01.739+02:00,DE-MDM-Stadt Frankfurt
0.42708334,open,2021-06-25T00:39:00.000+02:00,164,220,0,384,384,ParkingFacility,105479[Baseler Platz],1.0,2021-06-25T00:42:01.739+02:00,DE-MDM-Stadt Frankfurt
0.27812114,open,2021-06-25T00:39:00.000+02:00,225,584,0,809,809,ParkingFacility,24279[Konstabler],1.0,2021-06-25T00:42:01.739+02:00,DE-MDM-Stadt Frankfurt
0.48591548,open,2021-06-25T00:39:00.000+02:00,207,219,0,426,426,ParkingFacility,18497[Hauptwache],1.0,2021-06-25T00:42:01.739+02:00,DE-MDM-Stadt Frankfurt
0.0,closed,2021-06-25T00:39:00.000+02:00,,523,0,0,0,ParkingFacility,18495[Am Gericht],1.0,2021-06-25T00:42:01.739+02:00,DE-MDM-Stadt Frankfurt
0.18216081,open,2021-06-25T00:39:00.000+02:00,145,651,75,871,796,ParkingFacility,109240[MyZeil],1.0,2021-06-25T00:42:01.739+02:00,DE-MDM-Stadt Frankfurt
0.031198686,open,2021-06-25T00:39:00.000+02:00,19,590,0,609,609,ParkingFacility,18494[Konrad-Adenauer-Straße],1.0,2021-06-25T00:42:01.739+02:00,DE-MDM-Stadt Frankfurt
0.0,closed,2021-06-25T00:39:00.000+02:00,,485,0,0,0,ParkingFacility,24278[Karstadt],1.0,2021-06-25T00:42:01.739+02:00,DE-MDM-Stadt Frankfurt
0.94400895,open,2021-06-25T00:49:00.000+02:00,843,50,0,893,893,ParkingFacility,24277[Börse],1.0,2021-06-25T00:52:00.386+02:00,DE-MDM-Stadt Frankfurt
0.26119402,open,2021-06-25T00:49:00.000+02:00,105,297,0,402,402,ParkingFacility,18944[Alte Oper],1.0,2021-06-25T00:52:00.386+02:00,DE-MDM-Stadt Frankfurt
0.027472528,open,2021-06-25T00:49:00.000+02:00,10,354,0,364,364,ParkingFacility,24281[Hauptbahnhof Süd],1.0,2021-06-25T00:52:00.386+02:00,DE-MDM-Stadt Frankfurt
0.42708334,open,2021-06-25T00:49:00.000+02:00,164,220,0,384,384,ParkingFacility,105479[Baseler Platz],1.0,2021-06-25T00:52:00.386+02:00,DE-MDM-Stadt Frankfurt
0.27935722,open,2021-06-25T00:49:00.000+02:00,226,583,0,809,809,ParkingFacility,24279[Konstabler],1.0,2021-06-25T00:52:00.386+02:00,DE-MDM-Stadt Frankfurt
0.48591548,open,2021-06-25T00:49:00.000+02:00,207,219,0,426,426,ParkingFacility,18497[Hauptwache],1.0,2021-06-25T00:52:00.386+02:00,DE-MDM-Stadt Frankfurt
0.0,closed,2021-06-25T00:49:00.000+02:00,,523,0,0,0,ParkingFacility,18495[Am Gericht],1.0,2021-06-25T00:52:00.386+02:00,DE-MDM-Stadt Frankfurt
0.18090452,open,2021-06-25T00:49:00.000+02:00,144,652,75,871,796,ParkingFacility,109240[MyZeil],1.0,2021-06-25T00:52:00.386+02:00,DE-MDM-Stadt Frankfurt
0.031198686,open,2021-06-25T00:49:00.000+02:00,19,590,0,609,609,ParkingFacility,18494[Konrad-Adenauer-Straße],1.0,2021-06-25T00:52:00.386+02:00,DE-MDM-Stadt Frankfurt
0.0,closed,2021-06-25T00:49:00.000+02:00,,485,0,0,0,ParkingFacility,24278[Karstadt],1.0,2021-06-25T00:52:00.386+02:00,DE-MDM-Stadt Frankfurt
0.94400895,open,2021-06-25T00:59:00.000+02:00,843,50,0,893,893,ParkingFacility,24277[Börse],1.0,2021-06-25T01:02:01.012+02:00,DE-MDM-Stadt Frankfurt
0.26119402,open,2021-06-25T00:59:00.000+02:00,105,297,0,402,402,ParkingFacility,18944[Alte Oper],1.0,2021-06-25T01:02:01.012+02:00,DE-MDM-Stadt Frankfurt
0.027472528,open,2021-06-25T00:59:00.000+02:00,10,354,0,364,364,ParkingFacility,24281[Hauptbahnhof Süd],1.0,2021-06-25T01:02:01.012+02:00,DE-MDM-Stadt Frankfurt
0.42708334,open,2021-06-25T00:59:00.000+02:00,164,220,0,384,384,ParkingFacility,105479[Baseler Platz],1.0,2021-06-25T01:02:01.012+02:00,DE-MDM-Stadt Frankfurt
0.27935722,open,2021-06-25T00:59:00.000+02:00,226,583,0,809,809,ParkingFacility,24279[Konstabler],1.0,2021-06-25T01:02:01.012+02:00,DE-MDM-Stadt Frankfurt
0.48591548,open,2021-06-25T00:59:00.000+02:00,207,219,0,426,426,ParkingFacility,18497[Hauptwache],1.0,2021-06-25T01:02:01.012+02:00,DE-MDM-Stadt Frankfurt
0.0,closed,2021-06-25T00:59:00.000+02:00,,523,0,0,0,ParkingFacility,18495[Am Gericht],1.0,2021-06-25T01:02:01.012+02:00,DE-MDM-Stadt Frankfurt
0.18090452,open,2021-06-25T00:59:00.000+02:00,144,652,75,871,796,ParkingFacility,109240[MyZeil],1.0,2021-06-25T01:02:01.012+02:00,DE-MDM-Stadt Frankfurt
0.03284072,open,2021-06-25T00:59:00.000+02:00,20,589,0,609,609,ParkingFacility,18494[Konrad-Adenauer-Straße],1.0,2021-06-25T01:02:01.012+02:00,DE-MDM-Stadt Frankfurt
0.0,closed,2021-06-25T00:59:00.000+02:00,,485,0,0,0,ParkingFacility,24278[Karstadt],1.0,2021-06-25T01:02:01.012+02:00,DE-MDM-Stadt Frankfurt
0.94400895,open,2021-06-25T01:25:00.000+02:00,843,50,0,893,893,ParkingFacility,24277[Börse],1.0,2021-06-25T01:27:02.326+02:00,DE-MDM-Stadt Frankfurt
0.2562189,open,2021-06-25T01:25:00.000+02:00,103,299,0,402,402,ParkingFacility,18944[Alte Oper],1.0,2021-06-25T01:27:02.326+02:00,DE-MDM-Stadt Frankfurt
0.027472528,open,2021-06-25T01:25:00.000+02:00,10,354,0,364,364,ParkingFacility,24281[Hauptbahnhof Süd],1.0,2021-06-25T01:27:02.326+02:00,DE-MDM-Stadt Frankfurt
0.42708334,open,2021-06-25T01:25:00.000+02:00,164,220,0,384,384,ParkingFacility,105479[Baseler Platz],1.0,2021-06-25T01:27:02.326+02:00,DE-MDM-Stadt Frankfurt
0.27688503,open,2021-06-25T01:25:00.000+02:00,224,585,0,809,809,ParkingFacility,24279[Konstabler],1.0,2021-06-25T01:27:02.326+02:00,DE-MDM-Stadt Frankfurt
0.48591548,open,2021-06-25T01:25:00.000+02:00,207,219,0,426,426,ParkingFacility,18497[Hauptwache],1.0,2021-06-25T01:27:02.326+02:00,DE-MDM-Stadt Frankfurt
0.0,closed,2021-06-25T01:25:00.000+02:00,,523,0,0,0,ParkingFacility,18495[Am Gericht],1.0,2021-06-25T01:27:02.326+02:00,DE-MDM-Stadt Frankfurt
0.18090452,open,2021-06-25T01:25:00.000+02:00,144,652,75,871,796,ParkingFacility,109240[MyZeil],1.0,2021-06-25T01:27:02.326+02:00,DE-MDM-Stadt Frankfurt
0.03284072,open,2021-06-25T01:25:00.000+02:00,20,589,0,609,609,ParkingFacility,18494[Konrad-Adenauer-Straße],1.0,2021-06-25T01:27:02.326+02:00,DE-MDM-Stadt Frankfurt
0.0,closed,2021-06-25T01:25:00.000+02:00,,485,0,0,0,ParkingFacility,24278[Karstadt],1.0,2021-06-25T01:27:02.326+02:00,DE-MDM-Stadt Frankfurt
0.94400895,open,2021-06-25T01:35:00.000+02:00,843,50,0,893,893,ParkingFacility,24277[Börse],1.0,2021-06-25T01:37:01.621+02:00,DE-MDM-Stadt Frankfurt
0.25373134,open,2021-06-25T01:35:00.000+02:00,102,300,0,402,402,ParkingFacility,18944[Alte Oper],1.0,2021-06-25T01:37:01.621+02:00,DE-MDM-Stadt Frankfurt
0.027472528,open,2021-06-25T01:35:00.000+02:00,10,354,0,364,364,ParkingFacility,24281[Hauptbahnhof Süd],1.0,2021-06-25T01:37:01.621+02:00,DE-MDM-Stadt Frankfurt
0.42708334,open,2021-06-25T01:35:00.000+02:00,164,220,0,384,384,ParkingFacility,105479[Baseler Platz],1.0,2021-06-25T01:37:01.621+02:00,DE-MDM-Stadt Frankfurt
0.27688503,open,2021-06-25T01:35:00.000+02:00,224,585,0,809,809,ParkingFacility,24279[Konstabler],1.0,2021-06-25T01:37:01.621+02:00,DE-MDM-Stadt Frankfurt
0.48591548,open,2021-06-25T01:35:00.000+02:00,207,219,0,426,426,ParkingFacility,18497[Hauptwache],1.0,2021-06-25T01:37:01.621+02:00,DE-MDM-Stadt Frankfurt
0.0,closed,2021-06-25T01:35:00.000+02:00,,523,0,0,0,ParkingFacility,18495[Am Gericht],1.0,2021-06-25T01:37:01.621+02:00,DE-MDM-Stadt Frankfurt
0.18090452,open,2021-06-25T01:35:00.000+02:00,144,652,75,871,796,ParkingFacility,109240[MyZeil],1.0,2021-06-25T01:37:01.621+02:00,DE-MDM-Stadt Frankfurt
0.03284072,open,2021-06-25T01:35:00.000+02:00,20,589,0,609,609,ParkingFacility,18494[Konrad-Adenauer-Straße],1.0,2021-06-25T01:37:01.621+02:00,DE-MDM-Stadt Frankfurt
0.0,closed,2021-06-25T01:35:00.000+02:00,,485,0,0,0,ParkingFacility,24278[Karstadt],1.0,2021-06-25T01:37:01.621+02:00,DE-MDM-Stadt Frankfurt
0.94400895,open,2021-06-25T01:45:00.000+02:00,843,50,0,893,893,ParkingFacility,24277[Börse],1.0,2021-06-25T01:47:01.176+02:00,DE-MDM-Stadt Frankfurt
0.25124377,open,2021-06-25T01:45:00.000+02:00,101,301,0,402,402,ParkingFacility,18944[Alte Oper],1.0,2021-06-25T01:47:01.176+02:00,DE-MDM-Stadt Frankfurt
0.027472528,open,2021-06-25T01:45:00.000+02:00,10,354,0,364,364,ParkingFacility,24281[Hauptbahnhof Süd],1.0,2021-06-25T01:47:01.176+02:00,DE-MDM-Stadt Frankfurt
0.42708334,open,2021-06-25T01:45:00.000+02:00,164,220,0,384,384,ParkingFacility,105479[Baseler Platz],1.0,2021-06-25T01:47:01.176+02:00,DE-MDM-Stadt Frankfurt
0.27564895,open,2021-06-25T01:45:00.000+02:00,223,586,0,809,809,ParkingFacility,24279[Konstabler],1.0,2021-06-25T01:47:01.176+02:00,DE-MDM-Stadt Frankfurt
0.48122066,open,2021-06-25T01:45:00.000+02:00,205,221,0,426,426,ParkingFacility,18497[Hauptwache],1.0,2021-06-25T01:47:01.176+02:00,DE-MDM-Stadt Frankfurt
0.0,closed,2021-06-25T01:45:00.000+02:00,,523,0,0,0,ParkingFacility,18495[Am Gericht],1.0,2021-06-25T01:47:01.176+02:00,DE-MDM-Stadt Frankfurt
0.18090452,open,2021-06-25T01:45:00.000+02:00,144,652,75,871,796,ParkingFacility,109240[MyZeil],1.0,2021-06-25T01:47:01.176+02:00,DE-MDM-Stadt Frankfurt
0.03284072,open,2021-06-25T01:45:00.000+02:00,20,589,0,609,609,ParkingFacility,18494[Konrad-Adenauer-Straße],1.0,2021-06-25T01:47:01.176+02:00,DE-MDM-Stadt Frankfurt
0.0,closed,2021-06-25T01:45:00.000+02:00,,485,0,0,0,ParkingFacility,24278[Karstadt],1.0,2021-06-25T01:47:01.176+02:00,DE-MDM-Stadt Frankfurt
0.94400895,open,2021-06-25T01:51:00.000+02:00,843,50,0,893,893,ParkingFacility,24277[Börse],1.0,2021-06-25T01:57:00.996+02:00,DE-MDM-Stadt Frankfurt
0.25124377,open,2021-06-25T01:51:00.000+02:00,101,301,0,402,402,ParkingFacility,18944[Alte Oper],1.0,2021-06-25T01:57:00.996+02:00,DE-MDM-Stadt Frankfurt
0.027472528,open,2021-06-25T01:51:00.000+02:00,10,354,0,364,364,ParkingFacility,24281[Hauptbahnhof Süd],1.0,2021-06-25T01:57:00.996+02:00,DE-MDM-Stadt Frankfurt
0.42708334,open,2021-06-25T01:51:00.000+02:00,164,220,0,384,384,ParkingFacility,105479[Baseler Platz],1.0,2021-06-25T01:57:00.996+02:00,DE-MDM-Stadt Frankfurt
0.27564895,open,2021-06-25T01:51:00.000+02:00,223,586,0,809,809,ParkingFacility,24279[Konstabler],1.0,2021-06-25T01:57:00.996+02:00,DE-MDM-Stadt Frankfurt
0.48122066,open,2021-06-25T01:51:00.000+02:00,205,221,0,426,426,ParkingFacility,18497[Hauptwache],1.0,2021-06-25T01:57:00.996+02:00,DE-MDM-Stadt Frankfurt
0.0,closed,2021-06-25T01:51:00.000+02:00,,523,0,0,0,ParkingFacility,18495[Am Gericht],1.0,2021-06-25T01:57:00.996+02:00,DE-MDM-Stadt Frankfurt
0.18090452,open,2021-06-25T01:51:00.000+02:00,144,652,75,871,796,ParkingFacility,109240[MyZeil],1.0,2021-06-25T01:57:00.996+02:00,DE-MDM-Stadt Frankfurt
0.03448276,open,2021-06-25T01:51:00.000+02:00,21,588,0,609,609,ParkingFacility,18494[Konrad-Adenauer-Straße],1.0,2021-06-25T01:57:00.996+02:00,DE-MDM-Stadt Frankfurt
0.0,closed,2021-06-25T01:51:00.000+02:00,,485,0,0,0,ParkingFacility,24278[Karstadt],1.0,2021-06-25T01:57:00.996+02:00,DE-MDM-Stadt Frankfurt
